"1","
<!-- rnb-source-begin eyJkYXRhIjoiYGBgclxuXG4jIFZpc3VhbGl6ZSBjbHVzdGVyc1xudmlzdWFsaXplX2NsdXN0ZXJzKGRhdGEsIGttZWFuc19yZXN1bHQkY2x1c3RlcilcbmBgYCJ9 -->

```r

# Visualize clusters
visualize_clusters(data, kmeans_result$cluster)
```

<!-- rnb-source-end -->
"
"0","```r

# Visualize clusters
visualize_clusters(data, kmeans_result$cluster)
```"
"1","Welcome! Want to learn more? See two factoextra-related books at https://goo.gl/ve3WBa
"
"1","
<!-- rnb-plot-begin eyJoZWlnaHQiOjM2NS44ODM4LCJ3aWR0aCI6NTkyLCJkcGkiOi0xLCJzaXplX2JlaGF2aW9yIjowLCJjb25kaXRpb25zIjpbXX0= -->

<img src=\"data:image/png;base64,iVBORw0KGgoAAAANSUhEUgAAA3gAAAIkCAIAAADDNx4hAAAACXBIWXMAABYlAAAWJQFJUiTwAAAgAElEQVR4nOyde3wU1fn/nxACS0JigGCIXNIKAgqBCAGhRgFBUGkrKC3esPGCRYtSL1irUqtoAf2K9dcLWGhJRQWtBURRwAsqVKzGgA2KKEWCL4hAAphIGgiY3x8nOTk5Z+bMmZkzt93n/eKlu7OzM2dmJzuf/TyXk9TQ0AAIgiAIgiAIoptWQQ8AQRAEQRAEiU9QaCIIgiAIgiCegEITQRAEQRAE8QQUmgiCIAiCIIgnoNBEEARBEARBPAGFJoIgCIIgCOIJKDQRBEEQBEEQT0ChiSAIgiAIgngCCk0EQRAEQRDEEyIvNIcNG1ZQUBD0KGxTUFAwbNgwT3fBnhkvdufDISAIgiAIEmnCLjQ///zzW265pXfv3qmpqR06dBg0aNCjjz76zTff6N3Lv//97/bt22vZ1MUXXxyLxaqqqsSXqqqqYrHY+PHjtezIfzSeJQRBEARBEoFQC81nn312wIABu3fv/tvf/nbw4MFPP/10+vTpjz322A9+8IO9e/dq3NG//vUvXZuaPn36sWPHlixZIr60ZMmSY8eO/eIXvwCAkpKS999/X9dOLdGyO+4s+XwICIIgCIJEjvAKzS1btlx33XUTJkxYs2ZNYWFhWlpaTk7O9ddfv379+l27dk2dOlV8S//+/QsLC9kl+fn5dMnevXuvv/76Hj16xGKx3Nzc22+//dtvvwWAMWPG3HnnnUePHk1KSrrooovIym+99dbIkSPbt2+flpY2bNiwf/7zn3SbQ4YMueSSS/75z3926dJl4sSJ3BguueSSnj17PvXUUw0NDezyhoaGv/zlLz179rz44ouhZdzZbGCWRwQAL7744pAhQ9q1a9exY8cRI0a8++67hieT7u79999PMuLYsWPyDYpniQudr1q1avjw4WlpaampqQUFBc899xx9aejQoRdddNFbb711zjnnpKamnnbaadOnT6+rqzMcKoIgCIIgcUN4heacOXMaGhqeeOKJpKQkdvnZZ589derUtLS0o0eP2trghAkTtmzZsnbt2m+++Wb58uX/+Mc/ioqKAOCNN9742c9+lpaW1tDQsHbtWgBYv379hRdeOGjQoF27du3atWv06NGTJk2iyqlNmzZHjhxZuXLl9u3bly9fzu0lKSnp5ptv3rlz5+uvv84uf+utt7744otbbrmFOxzJwCxZvXr1T37yk4suumj//v3bt2/v2rXruHHjduzYIXnLsGHDGhg++eSTdu3aXXXVVW3btpVvUDxLLM8///zEiRNHjhz5xRdflJeXT548+eqrr6a2btu2bT/99NP7779/wYIFBw8e/N3vfvenP/3pySefVDlGBEEQBEEiTENY6dChA6eKDDnnnHMGDx5MHvfr1+/cc89lXx04cCBZQpImH3nkEfrS4sWLu3fv/s033zQ0NFAJRSA+IrudYcOGfe973yOPR4wY0apVqy+++MJsSIcOHUpNTZ04cSK7cNKkSampqYcOHSJPBw8efM4551gOTHJEDQ0NN954Y3Z29smTJ8nT3bt3s5tizwzdHcv//ve/vLy8008/nezLcoPcWWK32bNnT7ovQmFhYW5uLj1jAPDJJ5/QV3v16nXBBReYnD8EQRAEQeKEkDqaR48ePXz48Pe+9z1dG0xLSzvllFOKi4v/9a9/NTQ0AMANN9ywZ8+ejIwMbs2Kiopt27ZdeOGF7MLRo0fv3r27srKSPM3KyurVq5fZvjp06HDVVVetXr2aJpLu37//pZdeuuqqqzp06OB4YCKLFi36+uuvW7Vq/BC7d+8OAOXl5ZZvJMycOfOzzz5btmwZ3ZezDe7Zs+e///0vd8ZGjRpVXl5O35udnX3WWWfRV3Nycr7++mvFcSIIgiAIElFCKjRJfPm7777TtcG2bduuWLGitra2sLAwOzt78uTJK1eubGiZRkkg6vCBBx5gUxgfeeQR+hIAdOzYUb67W2+99eTJk4sWLSJPFy9eXF9fP336dDcDE6murn7ggQfOPvvsjh07tmnTJiUlBQBOnjyp8t5XXnnlj3/84+zZs4cOHepyg+S0ZGdnsws7d+4MAPv27SNPs7Ky2FdbtWqlOE4EQRAEQaJLSIVmamrqqaee+sUXX2jc5gUXXLBr1641a9b89Kc/3bx582WXXXb55ZebrTx37lzR/h04cCB5NTk5Wb6vAQMGFBYWLl68+MSJE999993ixYvPPfdc+nY3A2MZP378Y489duutt37yySc1NTXHjx9XeRcAVFRUXHfddaNHj545c6b7DZJfBQ1C8RMAUHMUQRAEQZAEJLw64KKLLtq6detHH30kvvT8889ffPHF+/fv55YnJydzPhm3Tps2bS655JI//vGPu3fvvuOOO1auXCk26LEbgDZj+vTpe/fufe21115//fXdu3cb2pmWA5Mc0Y4dOzZt2nTnnXdef/31OTk5bdu2pfahnIaGhilTpiQlJS1dupQVgo432K1bNwCoqKgQx9m1a1eVLSAIgiAIEpeEV2jefffdbdq0+eUvf1lfX88u37t371133VVVVUWCsyzZ2dkHDhygT7dv304TAdetW9e1a1f6tFWrVj/60Y8AgKRdtmrVihpy2dnZeXl5L7300okTJ+imbrjhhmnTptka/+WXX37aaac999xzzz77bJcuXcxMSvnAJEdEGhKxJ4FE6i3D7o8++uibb765ZMmSnJwcdrnlBtmzxNKtW7e+fftyVfZvvPFGnz59iAZFEARBECQxCa/Q7Nev39KlS0tKSkaNGvXWW299++23VVVVL7744nnnnZeRkbFy5UoxLDtmzJhdu3b9/e9/r62tLSsrmzp1KrEnAWDIkCEnTpyYMmXK9u3bjx8/vmvXrkcfffR73/seKYg+7bTTamtrP/30U9Iyac6cOV9//fXVV1+9f//+I0eOPPbYY0uWLBk+fLit8bdu3fqmm25avXr1Sy+9dNNNN5F8RxH5wCRH1KdPn+zs7GeeeWbfvn1HjhyZO3fuxo0bs7Ozy8rK/ve//5mN6oMPPpg1a9aMGTPECYosN8idJZY5c+Z8/PHHs2bNOnjw4MGDB2fPnv3hhx/OmTPH1hlDEARBECTe8Km63Sk7d+685ZZbzjjjjHbt2nXo0GHIkCHz58+vqamhK7BNfGpra2+55ZacnJx27doVFBS88cYbF1988ZAhQ8ir27dvnzRp0qmnntqmTZvu3btPmTLlv//9L3mpvLx84MCBKSkpQ4cOJUvWr19//vnnp6WltW3bdtCgQf/4xz/oHkeMGNGvXz+VwVdUVKSkpLRu3Xrv3r3cS2xvIMnA5Ee0adOmgoKCdu3adenS5ec///k333zzf//3f2lpaenp6SdOnDBsb/TLX/7S8DJYtmyZ5Qa5s8S1THr55ZfPOeecdu3apaamnnvuuWvWrJGcsREjRvTp00flHCIIgiAIEl2SGtQKnBEEQRAEQRDEFuENnSMIgiAIgiCRBoUmgiAIgiAI4gkoNBEEQRAEQRBPQKGJIAiCIAiCeAIKTQRBEARBEMQTUGgiCIIgCIIgnoBCE0EQBEEQBPEEFJoIgiAIgiCIJ6DQRBAEQRAEQTwBhSaCIAiCIAjiCSg0EQRBEARBEE9AoYkgCIIgCIJ4AgpNBEEQBEEQxBNaBz0AAyorK4Megn6ysrLi8rg8JSsrC+L0evAUvNgcgBebM/BicwBebM4I6mIjnxfiGHQ0EQRBEARBEE9AoYkgCIIgCIJ4AgpNBEEQBEEQxBNQaCIIgiAIgiCegEITQRAEQRAE8QQUmgiCIAiCIIgnoNBEEARBEARBPAGFJoIgCIIgCOIJKDQRBEEQBEEQT0ChiSAIgiAIgngCCk0EQRAEQRDEE1BoIgiCIAiCIJ6AQhNBEARBEATxBBSaCIIgCIIgiCeg0EQQBEEQBEE8AYUmgiAIgiAI4gkoNBEEQRAEQRBPQKGJIAiCIAiCeAIKTQRBEARBEMQTkhoaGoIeA4Ig8cn7s3za0bDZPu0IQRAEsUUYhWZlZWXQQ9BPVlZWXB6Xp2RlZUGcXg+e4t3FtvPJLC826w+9ZsjOCV5szsBvNgfgxeaMoC428nkhjmkd9AAQBAkGf1Rj9yuP+LCXr5ZlWq4jP96dAADQa4amASEIgiAAgEITQeIejYLSrmpU0X9aUBmYezEKVrYogiAIwoFCE0HiBCqSdgIAWItLf7zG8CA/3szMTAAoW2CxEUMliuoTQRDEDBSaCBIx7DqUiSYo3WB5rgxtUVSfCIIgZqDQRJCQ4lhQZmZmHjkSgLg0FGHcwqirXsPxo/pEEAQxA4UmgoQIFXEZWq0mDuyrZZmhHa1GUH0iCIKYgUITQYJEoiwTQaLFMag+EQRBAIUmgviM3LNEcRnfOFafqDsRBIkoKDQRxFtQWSJyVNQn6k4EQSIKCk0E0QwqS8Q93HWCuhNBkIiCQhNB3ILKEvEa1J0IgkQUFJoI4hAzfak4S00iCNBEOMZAQN2JIEhUQKGJIPYw1JeoqJAAQd2JIEhoQaGJIEqgvkRCC2eQo+5EECQ8oNBEEBmoL5Gog7oTQZAAQaGJIAagvkSigmEbTgnquhNFJ4Ig7kGhiSDNeKQvE2EScCSiSHQnik4EQdyDQhNBPPcvE3YScCRysJclik4EQdyDQhNJXDA+jiASVETnToBeM3wdFYIg0QKFZnjZ+WQWOgdegPoSiTpiMoa4RO8lbSY6Ac1OBEGkoNBEEghRYqK+RCKHSvWPpxc2u/HMzMyyBc0voehEEIQDhSYS/6C+ROIJw/KdAC9plQg7oO5EkEQFhSYSz6DERBA/UYmwo+JEkIQChSYShzjQl8u2jLny7Dc8GxEP6l0k7rF0OlFxIkgigEITiSucWZjLtozxZjhIQoNNrCj0PKDiRJBEA4VmWDAshcYkJ3W4c+XgBu+zqYkguoiQnEXFiSCJBgrNsCB+w2J7IxXcZ2GinYkg/oOKE0ESBBSaSFTxotAHTU0kcoTKznSQLSBRnCg3ESQOQKGJRAy9+tI7OxM1K4LYQlScaHAiSByAQhOJDP70KtIiEIl+Ra2JIA4gf9cYUkeQ+ACFJhIB3Bf6GBK57EysYg4zhhP2cAvx41MHkzgRJD5AoRle8JuUwKpMf+7TLp1IVr+iqZk4iBcn/jDQAipOBIk0KDSR8PL+rObHXtyw/ZGAqDWjQtkC6H5l0IOIFF8ty/wKACCTW8g+1fiXi4oTQaIICk0kjHgUK/eByIXjExA0GnXR/cojmZmZR460mAHIh3OLheoIEiFQaCKhg1WZeTcDexuLKHFvauqVF56L9b4AW3zysxFPwUJ1BAk/KDSREMGlY2ZmGlRXhBmJQnKgNeO1uCQkpq/BMPoCbJG9BbVpaDErVEe5iSCBg0ITCQXRjZWz6BUiES0uca8jx/X5s5aRmLF/XXr2uJp1O26x+0bbh9YXrgTUpv6BBieChBAUmkjw+F9XjjjGWGxZeYEsXutIRbhhpKen73wRssfVSN6iS5uiM+o1aHAiSHhAoYkESUQlZiScRS04sCdDoiMt2b8uvcVTo4Wc7nRwaIbaFNWnP5gZnCg3EcRPUGgiwRAfsfI4Q0VWGootEoz2YEQa4LSj4cLscTUqjqYDDE+XovqMovQM5x8yZ3BiPB1B/ASFJhIAETUy4wlFq9JMVlouNFRsgehRcY/hkcXs6RXVJxqfesF4OoIEAgpNxFdQYgaCG1kpEmbpFl3Ekx/HxmeAYDwdQXwGhSbiH6gyXaJy0vRqSkQ7rHxct+MWyQehGHZH6ekMjKcjiD+g0ET8ACWmp1iKS5SVcYOK8cldD6g7JWA8HUG8BoUm4jlxoDLF3uniEp8PzUxcjuvz5/T09JqaGsCItk16TYIaj8+WKArlpqYKltITLU9LsAEngngHCk3EW+j3dUQlJoEbfFDtjSTi0ueRRJq4F9/c9YCWpzpocCKIdlBoIl4RB0Zm4Ehi4qESl2bSTaxPF5fEveyjmPV7d29qykHL0y5YMIQgGkGhiXgCqkzHREVcqsCJyAQP5Yfn40PLUxHDgiGUmwhiCxSaiH7iI1zuJ7pi4sQv3A8AkM4uYUlkqYcYYsvyTEDRiXITQdyAQhPRDKpMFTyyLYmIxGIgxCUSy5Neuj4rzsDnfUW5iSDOQKGJaAPD5ZbETTWP12mFQRGvx+USwxmMEtPmRLmJIHZBoYnoIaFUpt0DFPVlpNUMkRrxp8leLJkCYTqucBrS9OSEweYMCpSbCKIOCk1EAxguNyTO9KUllhIthLKJQlQmog75rEmeRmLanCg3EUQFFJqIKxLKyFQkvvWl2QyKkbA5FT3CkB9FCElkmxPlJoLIQaGJOAdVJot7fRnOUKkKZh0io0LUxx8eEjabE+UmgpiR1NDQEPQYeCor4/CPMysrK86Oy4dweWZmJgAcORJqCWtLX8qlpC6hSavOtWMoyMb1+TO3PLR2oOEZNlOZgR9FJH54qFxshmdYrjjFKV5FQvvjlhu8KDezsrIgTu90nhLUbZR8Xohj0NFEnIBJmfEdH7cF2oGIHAc2p/jFEnh7I3XQ3UQQFhSaiG0SWWUmsr5UF5QRynGUHJT/R5EIM3YmTjYnyk0EIaDQRBySOCrTsPllVISURgwPOcx2pqjSxIXjxjUeVHp6OgB4lHKgSELN2JkgitNQbmbNDnJICOIzKDQRe5AvygRRmYnsX6oQKjtQRFRp8S3dIkoiKE5Obr4/CwCg14wAR4Qg/oFCE7EBW2Yex+jSlyqOmvzVkKsiH6QkSsPEQa44C6EkgDFpBYPpSGKCQhNRJRFSM/VamHYdNRRViYzKz5IEuTwMFeemvgWwJR4Mzu5XHsnMzCxb0Ph055NZqDWR+AaFJqJE3KtMTmIGHvZFEg0M9IuIijNuQup5N8ORI0eIu4nWJhLf+CQ033nnnWXLllVVVfXs2XP69OndunXzZ7+IFuJYZWIWJhI3hCEv1iPIccVfEmf3K49gJB2Je/wQmnv37l2wYMEDDzxw+umnL1u2bMGCBY888ogP+0W0EK8qM24kJvpeCIRmClBPr8a4LBvCxE0k7vFDaHbo0OHRRx/t0aMHAJx33nnvvPOODztFtBB/KjNu9GW84l0vyThW5GFuMuUF8ac4RbmJWhOJG/wQmqmpqURlAkBpaWm/fv24FZKSktinIZwVUwtRnMZqJwAA5N0MANYzwnkEmYjSPQs2FHBLJhUs1bJldfY39Ws0JH0SAMhq0tW3KdlLyEmf1OLpzheh1ySDtRxsWX7yG7drtILJGDxHHLDKSNbtuMXnC5sdpMpJ1gg90hdLptCFVHHePCrUheriN1vmzQAApE6I/Mgfhh03WxLF2yjiazHQBx98sH79+rlz5/q5U8QxpNlb3s1Bj8M1nMT0X19SAtErISQo6RYtFE8Rq7ESFkPFSf7wQy43RfJuBlqTTr6EUW4ikcY/ofnGG2/885//nD17dqdOnbiXOAuzsjIOQwZZWVnROi4aND9yJLCgOfnF73gAZlHyYGd/8YB07ojS0/kl4UN9hBqPRbYpcWYgJtQenvPJj8QwaP5iyRTfEkKEiy3gcyVG1YncDFU83fKbrfuVAAYN3qN0B/GCoG6jaKO6xCehuXHjxtWrV8+ZM0dXGBTxlKinZmIipkjgZSJIXLLzReAyGUIyPztXqE6+E0IlNy3BxE0kPvBDaFZXV//tb3977LHHUGVGiyiqzLhvh6nS1jtdCLmGpCTZTxKh/7n/U4DG1qwCgLrxE+iSXpPMbOBQEGdyE2vSkSjih9D84IMPqqqqrr/+errkmWeeycjI8GHXiAMiOpt53EtMglpbb83VGMEqVGfaxU3/c6pHxQeS7WvHUivnw1J/RgJNEpN9zMrNkBMfchNbICERxQ+hOWbMmDFj+FAmEmYirTLjVWI6hvW9HEhGFTfUOyWaPa5GPju8AywVJ3mVrhaUS4dzBekl6nITO24iEQWnoERaQLMzowJKTE9RadBoqUQTIYrtP36KTtbOZBdGyNSkGMpNiI7ixMRNJHKg0ER4omJnJkis3CWiUnTsPpJNce9VUaKsHiLyyH9nTsUWldS10AcoiOMDszktObn51bLMcH4fYuImEiFQaCLNRMXOdCMxMfiojqGIlOjU0BYbKQbfzepa8JqpGz9BNDWjaGdyiL2QohVP5xI3UWsi4QSFJtKCcP58Z8FYOYdEAxkqxfzdS9eBdZ9F9aC5XuI4zp4IgjWiBxjd9E20NpHwg0ITaST8diZKTLsYnqX9u92ePeJciipTUcLK8a4CxnAjiSD+tED8y8jVm9vCQG72hSshGnITrU0ktKDQRABC39II0zF9xgurMigMWxRxj1WK0Dl8llyWRwG+uInxKjFZIupuctYmak0kPKDQRBoJp8rkpilHiekPlhU/iq3CJXFwr8trVPIynZUlBdJRMntcDT3n5PSKI0d31iVij9Kt32ucOZ3IzcLPSsL5PUmh1iaG0ZHwgEITCW/QnFWZziRmHCf8BY74iYhB+UA6QSpKTC3rIPGE+Innr1vKSvxNfQtgS9jdTQyjI2EDhSYCED47U1c6pnahE1uzqrz1lGhJEFF4yee54U6RmXkZwhpzMiTDDx2YY6SWqoPPMaiOki677iNuEIPp4deagBVCSGhAoZnohM3O5NIxJxUsZTvOBEh0p+BzGWD1TtPodTfDNp87uulxBis3I5G4idYmEhJQaCIhsjM5IzM9XfPcg4he7Hql6rCyPhcA1li/5VIY2/hoJ2865pL/rWGeroFcgPJ1U4AanI0vyrTv/nXp2codJV1Oti43ldftuIUkESI+w/ZbCL/cxAohJAyg0IwfHHyPhMfODHnroniago/DjQXo2Csl51NRQXpH7gkjrWY+JLMBG14elDi4SBCWyJWlY4UQEiwoNBOdMNiZIVeZcYxH4WaJ8FIUl8cLR6rvbnP5XG7J8Nx72KdVm9MAoNPwo9zCnJN+6Fx6NsRjV9GgkgJ/S0cZQ/Pekb+7RZ1QyBM3MYyOBAgKzcQlJHYmVZlhlpi6puALTwahG8x0pLpDSXRk1eY0Tvw5QFSZZCGnNQ13dLxwJB1DamoaANTWNq8mDs/ZgNtsetvsJVNF3noKfWh6wfQJoKI/0bA8n24SN32eSD3MYfSwjQfRCwrNBCUMHdoDMTId3IkbXSLm3l9OHq+zt9mwVauQ8eTvXgoA+3e3eIk1xozjy1LM/EjiLAIAbBaWNOFeeop0Gn5U3BHde+N/AbqP1r5nAOZsiDrVTIPmnlhqKNmjGIVPBPkbocRNDKMj/oNCEwmGCIXL2dtkFNsbcXCDpy2pAWBcnz/L0w0JEh0pl4laDEIWQzuTvsSamuKOyN45R9NTxDGwGpRdbhbTN/t09ApQ/6VhHIjRCLVAwjA64jMoNBG/iZDEFKkbP4E1MtUJtg+ieCNft+OWS3eO5dcT6rXBZrqkiBjF1oj7LcuVruiDckt0+a/cdio2jydLqJImR2rmgBoWV0XR/gwtis2qotICCRttIn6CQjOqGGZYcgtD+N0REpUZcgfFCyXKmWHNzYBawqYt2kV8F9FJnmpNXXz1Jvm/ha+p3ZS1hZnoNxSgWrKKEYKtZlVRiaSjtYn4AwrNqCJ+Kah/UwRVBhSJuh8vMOyDaHYS3Kdy1i9fGmu5JNdotXe6v2+wtPz93jDb2X4jDUnQtCwG8nNIbGKAXKwbClBRfRpG3lF9usRQcRq2QCr8rIQ8/appNarzCC6T5lOfXgQAtddOVX9LmCuEkLgBhWbi4mclUEiMzPhGnl5ZkTyek03DYaThmlX79IxHXSchKtg9h6L6VDQ+2bo3B3jXxj9ycHJzU98CYm1mZmYCQNkCbV/CRGKyj+3KTT+1ZkTDcYhjUGginhNnKtPuPdLWXOF2UzkNxWXrseNZZw5sWnEqsWAHwjFsWtPPkLcDJHVOjlE0PsWad3kBHHehWrbx378uPaHEqJi4efOokoDHJOCn1nQTjkOiCApNxFsSNlxOcXPghlrTzLmkMkLvXzURIqxGUcm8VNFJoZV6PmdequOFWFcxPlnpyYXaXyyZAjYzPdxMzhld2MTNBRsKNGpN1s5kF9oyNcF3XxNJHFBoJhy+JWiGx8hUrBj1azimSOaAsRSXLF+9CYZFLXYrplnBQeWmG6ctQFNT1679qUP//LRZZi/5cA7FLAv2SmAvxUTO73TwjcFamws2FEBfuBLCVSSEWhPxAhSaCYrXCZrhUZkQZQfl0p1jxZZDlv2Guo+mNdR6qEgeb9jZ0Uz0mInR3vtmb4ZZ/mtNXcXvZs043WzTkFDlGEDLS44TnbR9wUsQlpkIPMX9r1auJt19QXrttVNFU9OunUlBrYloB4Vm/BCeLwUMlzuA3nsM2lvab2ZpWC5tSxIZFo4o2plmOqlqX+gklAQfoueG2je0gXuCmehkfxTFsdOp5VfrpIKl0JR1EML+R6g1Eb20CnoASLyBKtMBsTWrLt05lvxjlx8vHEn+BTSuFhi2Q1KPpFNb0e5+XZbFcMXvbjalF8cnJCRsLp/7Tvf36T/2pdiaVfSfz6MydBzDCfsNyYaAHFB77VRqYbKPHUNDXkH1wkPiCXQ0EZ2gylTHVtql/xwvHGk2D42fRKjluy2iqy/NYLXmiK+G0ceSQiJE70xC7vUlS7B16Eg8gUIzsfD05ymqTBUM9WVIxKUE4+7uAKCmAoPqqSnqObNodVXjwzS6hFvHu3B22GS0Yn8ryavkahGnzTQrJIpEwrR3aM/a1AXG0BEtoNBMRLyoBEKVKUfUl87EpbMEvk7DjzqY1YaMkAiFQJSQR/JU3FSn4UdTU9OgaWYgr7MkvbMzfdOsdC+pqWls01bxI5MUErEbTHCzM7STpKPWRNyDQhPRgC6VSe49PtxyfHNQdOlLZ7CCSV058ZI0eby4UHFr9F10Wsve+2ZDy8mHPHUKPdoyxcHguVGJJwScnu3wpxmYiU5g/lISWdOVVnIAACAASURBVHGG09pErYm4BIUm4hYtKpMVZL7JTe8IVl+6RKWJj6LnR9ah0qr3vtm0Q6ShGGI3qxj1dkZ41Jh4QkJedS7B1kdm6XRG5RtA76/WcFqbqDURN6DQTCC8SNDEiDlLpPWlR5jZij5IvZBISRaJyeryhER6Znn6Z2KpOLleQlGZi8EuIbQ2UWsijkGhmXBoTNDUGzE3WHjFFDebpXjdnj2i+tIf54xVPOp9NAOUp54S6cHL0fKRqStOQnTnYrAkhNYmak3EGSg0EYeglxlRfckS2iitXkFmN/QfznMiwdM0A0X07s5MceYC1EE0QupaCJu1iVoTcQAKTcQJelVm3fgJomirGz8hxf2mPcBPfWlYKu7F5NpIaIm6iesSUXFGLonTJY6tza+WZXrRYAS1JmIXFJqIbRLQywyq+aXdybWJBq0C0N4PUtyOgy0bHo77zcYxhoXk4lOz91pWXEUIttkWITyK04d4faisTdSaiC1QaCL28EhlkltF2OrNI9dcnQgI2tqQkxSOFYZdvet4yxHVQHqR1N2DkfT0zu/05+OQ7MXA0U8eT/6fc3INXRYexekpnLWJWhOJCig0ERt47WVquU9oKUQNT/6l3sippYOIOi+cbC6f23vf7ET7dOjxUjFKHxyHkeQlMYkT1sSz4qTWJmpNJCqg0ERU0agy1+24xbuwu5tC1PDoS4L/Lbh9mBTH62NRSWz1egDOziF7cgztzKrNaXCawcqJjN1C9TgghFoTQSSg0ESU0KsywWOt6QAfJGZIlAHrEoG/FqY/ulklE1RcmDrauxEpwZ4cH+Y0ij8kijP+5Kah1hQ1n7hEe3kQ0ZpoaiISUGgiNgiVNNSCbxamA41l2II70YKnulBIBvXP8pSjrjJVLqfoNi5wbAz7UKgu5ueIS3wrD6JakxORHlWdm4FaEzEDhSZiDbEztahMWjgJgZqaPlf5BGhQqZR1+4Pi1DUhrwci2sULt1vvBim2CrnirAmAWaG6e7nJicigusSHJIaOyZqIHBSaCYfdrySNKjMMBJ6FqWhqamnBLdp4IITOnREhtaELVq94JDdF5CmboDsPwYcmAP47rLoMznDOOYRaEwk/KDQTEbtfSbpUJmtn0iX+SNgA9WWo7EyzhV4ThqlrvMOlEWh2hfTeN7tqX9NjmE0XKm5WgpmC9EFAqzis9Oyxp5Fb6ODAvTM4gwW1JhJyUGgiMmgNUHRp7HjC4KeFadYKUa6xdNlXckcT3IlO93aX2d7Z5Sq7sDUSZ8Nm1Qm7kFxL7AZJH6LPT5vlXkZ/ftosYExNelq8sJO98Gsd/5bgOhmBVm81LqcaCpvWRBAWFJoJisr3kd6guWhn0uVemJqBh8jd4JvV508E3Ew3i2rMo0J4cYMeHbhiHqrZW+IJ/ztz2d1dnBmcodKaaGoiLCg0EWO0p2b6luUZHokp0RB2b8CRDjRLRh5sTbT6WT1eOFI0NS2vK5XtkxXopULcUGeDdHyRmPm1dBoeuzhTz/IMBMsfIc6kbTwZnJzW9LPkXAS1JkJBoZkoPLmx83hoYJdY/vCNYgEQqzIDtzDFG56zoKQuc6jT8KOeJmhOqs22/Z6BCuvUtrfeiOU6RivfqfoeJdx4k83x8X0O/Wz1i8Try4BD/bqVlCJZhs7dG8NmBmd56yl0idkEY+EpEgqDr4nJmggHCs2Eo/Czkk19C+TrRDE1M1QSUySQmmUvaFaTtuRdKHm88xNQ2/Sk8UF7AHgxdb+4MitE1D87lz8PdDm+FuVKyeOh5ezhAHC8cGQncDi/ka31tTvWbs65aHDmnlhKHpS3nhIeQSkBtSYSNpIaGhqs1/KXyso4vC6zsrICPK4nN3YmD8aXNgAAKzTFb6Lw9DNKT08HgJoae/OSByjgJL6Lg8Argbttq9xBU1PTamud37ydGJMAADAvdqi6LJaRV+d419VlMQAQtyDfrOWrZi89ckaq+tgM1SeF/ZjE8Le67pFbd2bhY7J3ul+VLu7cRhxfn9zFZqYyHSg/9QIgcae68kzE06Ilnq74zeYGmhMfYL4mLQzSpTWDuo1mZWX5v9N4Ah3NhGDGeQfJg52lAApfPWFQmYqE3MgkyGuWwfcu5Y6lJADc90Wt6Wt5jrfaSEZenUQXEgxX4BayupPToNVlsfKsheTxNYcbF+blFMViMQCoq6urLosZClCzk0YEaAtlk3t0OHiSUKsY9XZg6Tnza8OAs8YOiphlcAabvkk7ekoqKQPxNbm5iLAIHSGg0ERaEKGgeSQkpkt0tZ+0pSznxQ7JXm5Sky7NS7vQ3dn1Ox1geAZ+VdfRcGXDcyu3P/WisW7d5d+Rxuq3sHG8cGTV5jSaXRAGuUl0ZNi0JgcWoSOAQhNhCU/QXE54YuWKOKtZNsPynn1JZXuSa2iGhZS0g+gviku806NlFcV5OUVatjPk+9Pk2zc7aYYCVFSfrPRkP0EHzd5ZL9yMQISd3j2qePw+S1uuYChAuWnWLY4jDFqTgFozkUGhmYhwAQ5CJFRm5CSmGxSdKhW3UqOy5BAD0y5lpfrbyyqKyX9zwUAjKpJb2fjeA403wRgwWjkXplVXWoxK0f5s8TF1fgJqG6UnkVNUu1Qkjye2mXhtN66TPB6YGLddpcVuxH+0i79AXFJRbgZubUq+twPXmlgYhKDQTCx6zajc+aRpXnOEVGbIJaZ4Q5XkwG0un9sbZivegx/v/AQAgHmeJAA8mVlbV6ffRPQ5Vu4Foiql+ZoAMOT700iOJjlMImQBwIFpKqpPC+k5aPLq0uft7qVqcxqdmpLATVBZta/ZF+Q8dRVbVC+BtHDXSKfhR9nBs3/RYYikSwiP1kQSExSaCEDoUzM5iTn3QCU1oCj3nBpAYaBZ3LM3NM9SzUYAbd3ah+fe49SttKinCTlm9UD8cuYDT9laUp9v0bQLAPJyiqorjYUjKQaiUJUJTAA9ZWsJAKjsSIR8TOxmn+lwB7vCjwdNbno4GQCo5UmgMpFtQpRzcg17RRmWlBku5DoZISoYCmU2K8Yjuck17yTk717KPl0HU+Q2AdWaQYHJmo5p3br18uXLJ02aFPRAnINCEwl10Lx++VL2/h82I9OwxTSNZpo5N5w8JaZU733N2vTnA00zLL0LgtvFO3fTsNyHW84qtvKsheUAg7YCKKhAZ8MmEpN97ExuslxzeD4A5OUUkQ3e0Xcst4J7y5Ni2ffAaxxMzhkqJCkKXiducs071+24JX/30q3fm2K2vhlEa2o0NQ1NSm6hWISOWtM37r333oyMjHvuCf5vDYVmgsKlaYZWZdLHYZOYZqjcUFl5WrU57fPTZvXeN9tQXIZHVrrHVuTdsodRLkxjo956YVUsoTR726D9/bVvllCfX5CytWT+Z+sBoCq5sNPJTWQhF21nLE8gojMqfxRxhuHftT91QhJXUp6pyaJLa4qJ/obZ/9xbMIbuG1u2bBkxYkTQowAAaBX0ABC/4X5NhjNoHluziobLjxeOjNcb6qTa7J8PbP945yc4lTn/s/XzYodYlWmmUaKO2XFl5NWx/7iF5VkLRZVZmr0NWlqPeqlKLmSfmu3Isg8oh+STJdcA/ce+9ONBk388aLJ61yrDv6BA7EyzJWFGfbTclxX7PaaFcX3+TNQkecD9o6sZRtuBMRSC/dqX1AkkMgcOHLjiiisyMjI6dOgwfvz4HTt2sK/W1dUlJSW98sor5OmJEyfo02effbZ///7t2rXLysqaPHnywYMHAaCwsHDt2rW//vWvSbf5ysrKa6+9tlu3bu3atSsoKFi3bh3ZTqtWrZ5++un+/ftfeOGF3h0aCk0kdHYm+9Xcemww5bGWKN57DFebVJtN/rELrzk8n/4DgJStJVTK0PJqd0O2R3VZjPsnLhTfZSsw7ey4JOsTrRlOJMMmL5FYfKeTm+rzCwzj8kRuzv9sPfE+CfRaYi8nctW12fS2YcQcsYVZQ3jJW0S5qX1Ujglca8otz0Rm0qRJNTU1O3bs2LVrV6dOnSZPnqwycWN5efm111774IMPfvPNN9u2bTt69Ohvf/tbANi0aVPPnj3nzJlD5lK6/PLLq6qq/vWvfx04cGDKlCk/+tGPysvLASAWiz311FPPPvvsa6+95t2hYeg8oQmbnckV/aSmWk+CEggO6mcNzadrDs/PrZxWnrUwt3Jaech+5PvQF90ZbCkPayuS6Lb71ElJRJ4NoNvdUV5OkZnWJNtUTP0kK8yDRoOTDa//fGB7Mvv8UyTft6mHUWNOMNPSyM9pqMw0WRQzNW0R2rL0wIvQAVsdCXzyyScbN27cunVrTk4OADz99NOKb6ypqfnuu+9OOeWUNm3adOnShVqeLNu2bXv33Xd37NiRm5sLADNmzCguLi4uLn7ggQdatWo1YsSIgQMHajwWERSaiU547Exd3Yt8ns6Rsrl8LpzWYolZKyKxAJmDCpqUrSWsS6erP3kYMCzrNsNyakpylkqzt+WBW6FJR8IFx6uSwU2apsrHrbgd9lzRkDo7cyabifHUx99yxek+E2k16b4hvA9l6Q4Itggdq4JEvvjiCwDo2bOn3Tf269dvxowZF1100YABA0aPHv2Tn/xk6NCh3DokCt+nTx924YABA8iDXr16ORy0Mig0E5evlmVC36AHAQD2JWYgnYwoZuU+5IFZ2pxY1kPkQmO3nZy6QVt5qWGoPyKkNeWTBpF+li4Leoi9511epmSndhE/NcNhy/s00WQDw2tgXuwQWYFtnPTzge0BJnPNkhIZWz9ENU6YzsrNeoCUK2yXjVO4OnRnaC9CBzthcawK4khKSgKA7777TnH9kydP0jf+/ve/v+uuu9auXfvKK6/84Ac/ePDBB++77z525Xbt2gHA4cOHMzMNznmbNm1cDV2BMApNkrsaf4TnuLJmw/uzAAAmFSy1Wtdz2NLy1mPHi1ek3QB6FUBqatpXb0L30a4HpwAZ3iWVBjXjT2ayZmYMAA58aLCFRvnVVGtCio6pRSeuz3V8NERlHZYPv1xoOAdji3Ha3GxsSIunBz6EU5uWfPglry/NJoFsuTXjvX/Y0vS1PBDDITXupekAD3zY/IlQGuuByhqfkvfSz7TX4eE7O2wGI4XN7YVw0mRUZieZPWniOtWMaUpTMgbt70+7JrE/gV7N+tZk504IbYqLIVVBDXjseAA4sb6xg2n98qXpLrQmy84XDRaK9UC9TPowLtsy5uZRvv5UI3wFsPPJrGGzrddkCc9tVC9nnHEGAHz66afDhg0zXCElJSU5Obm2tvGe8tlnn7GvduvW7cYbb7zxxhsfffTR3//+95zQJF5maWnpBRdc4MnorQij0CS5q3FGVlZWyI4rCwBqajT8MhZRbLQhGpnHa1s4DeR+UFtrNw6eVlt7tOm/muFCaY93fuJx4VOl5qU4O09GXounxYeOXLa3y4quX5OnU/fsJA9EfUl0A3n84ZcLzUxNkkYZi8VszQxUVlGcWzntQzDdbBP2Nmv37eobZ9MZxZC0nUE2D4lIN/q008nmWy9pOUT+y9qNZN3mz/TdxhC/mMnKjUhiwdbnF9QrjN/oGjCQp6XZ2+77orDTyU2l2dtYm5P9XeTS6UxN9eQPzUsCHTDjbpLf2O4j6dnj+CX716WLrqf4ZU8D6As2FPifrNn9SvhqWaat22JQt1Ef1O1ZZ501YsSIX/3qV0uXLm3Tps0jjzyyZs2azz//vHXrRpGWnJx8xhlnPPvss+PGjauurn744YdTUlIA4IUXXpg9e/Yzzzxz1llnVVdXb9mypW/fxkhlamrq7t27jx8/fvrpp//whz+84447nnnmmTPOOOPdd9+dNm3a8uXLhwwx+gXsAVh1nog8ubGzdxsn31yWCUARmk/SkMc7P9GYgtmEYRsaWyzq0WtRD6V0GY0V6P43TjLbo8pI2GJ89rHd7VhSlVxI/0GTl1mVXCgvuvcONwdFfrdcc3i+4SVq2ANBTrSaE4UQtplGsDXpgRehY6sjysqVK3Nycvr379+nT5/PPvts1apVVGUSFixY8MUXX2RnZ1900UXTp09v3759fX39xIkTf/jDH1566aXt27c/88wz6+vri4uLyfrTpk175plnunTp8u233xYXFw8YMOD888/PzMy8/fbbf/WrX/mmMgEgSaV+3mdC5vzpIVSO5pMbO48vbQCAtEs/0LtlVl9KTE22R6Zka84cTZKD5UVJ0ObyuZy4BGZ+FwcbpI7m4GOrPmo7gf6XWy0vp0ix4tuBo0kUDHVMvUsA1VK0zilLs35GZkfBZTeyQ+IcTXZf1NGUj//Ud0cdOH+DeJhcObllRqmYoymqzNxK6/QA8oGyXrh4WsQZ2MHK4+Qmvoqco6nyzUCmUfCujIl+s7H9pzQWCRk6mhLo97b/vibJ1FSsCopjRzO+CWPoHPEUYmdm3PBm9V9HH31pqHatSTEMoGs3MsXZxulC+pJ7xdno9wgWJgCAa2VGlCX7X46yimJSOqOdaPWBVy/6MSyXkVfSiLCVRqXZ23Ir+ZRNyb4IXkxcSRB/FXACt7osRl4tg+bMTnGo1N1kFSe52iNdPMRW6YlfEeISw68IHxowcTXpQRWkB1iEjlVBiQAKzUSE/GwlWlPjZgMJl5M7hKHcpJBXHchNw3hi3EwLaagyI1TVbmhnSgZPXcBqxhOhEfBqABCSaIFIwzJ+IUW7UlexM9mXdH1YouKkFz+rOCMxZTnX5pb7ww+q/ZkZIWm36UURujrY6ii+QaGZWIjZmbpMTUOVSU1NrzMyudnD3YfORYnps74UY6NiUmAY2qer43K0ZRXFeflFjjsZlVUUAxP+auwtZRA6BzA61eTjYJezh2Mo+My6F9kduYqUpPM2iQupF05MUEttSq5z0eAEI49zc/nc0WfaLBsOPZvL5/aG2fSxP2I6JNYmBNHFHU3NuAeFZsLBfoloNzUNiVDdj//60rCRJOmsyS4xTHA0rEepLotVA9AaZEN5x0kQAmf4hUrF0qj3IGhsLGqWnanF5ONEJDN7U4tab0Ov0fK81ecXELlJUj/Z5Ybrq+S2itXu5Kljw9U0pN75CQC48+DtzjbrA9o9Vz+1JmiyNp012gx2xiA0NeMYFJoJhFmxuXtT0yxofunOsbBTqe4nWIIKkRtmZIKyWjKbJdKyGMjsjcWHmH7LTUdf1DFgs4FVSzRv0tZsk6LeomfYsTCtLouxFmlZRfFoGMWuQAUlt9Bwa7pyN1kk1f3qh2yoOB9n5Oab2/miGSKVwvz3LiHwgvp3ur8/4qvGTor+W5tBJWviXEHxDQrNxEL8narF1DQsMI+EkRl4iDyRcVAfQ0SSXlkmEV6sVlMMPRPESdjZVxvHX8Y89gC9ubakuwIw0w7RDgx3lt9OtCZbQx2I3BRlooofyWZ406B5733NKQFV+3yaHZ6M/53u7w/PvSeorM2gkjVRa8YxKDQTBXnvTO3l54oNjLxA8ZbASUz/9aU8rBmhohwHqJdju6+2kRh77mv52eZBBMMGTKXZ2ww/TY0q0+tUBzr+ecAncT7e+QmoBQBY7ekIPIN+Y1Cd2nvf7M9Pm9VipXJ701E60NmcSg4wazPYmdCR+AP7aPpEsH00icqU/EKt/utojUJTl8rk+mjaSpaSFAMFLjEd4F0fTfaNLULnTXgROleMKZtpRFsS3OygSPIlNFmVZOJK9rzRvRM1OfqLv6vv1JAD529gn9r6TO3uS0vXUg7DnwRiJ87Vpc+zT337qSmJeht+b0i+T9yUErK2LkE8A4Ydgrnx07F51GtTDhGaPpualj01sY9mREFHE2lEl6npkZfJtSyxxPA+EUWJqQ6x6GxN9h0IZuXYbuy96rIYKayxtRFS4mP2arOczanLg6IDOc0ykasQIgtHf/H3N8/4GRslJ3YmXROE4i2unEujNHSwKYm1LHGgn8ysJeqcKs4fD5oMgtz0ARpuZjH7FrL7feI1EpUciLUZoKmJ0fP4A4UmAqCv/NxTlemGqEtMS91A7DfDGnbLN+blFIWqxpyg3j8yZWsJJBc2P1aQm+LGP/xyISvQxTmE2JVJzJ2IVFaqiiqTwlWsg81OAuxTj6xK9jE3FepUhY3Mix1K2VpyR9+x5CmRmwDwIrhq/O6FFnTzfSI3O0WlSxbKvw8Nx8MeeFC9Nn3O1MQ+R/EKCk2kGZempj95mbZuPIlZ6/Phl7ymMUNlshwSelYPoFsGbRXLsQNMURVPi1mdfouDfbf50Ay7L6nk3ZrtyN4BaGXqnp3iQjMHev5n6wGAyk1wN8+QLd/RscgLialpic/WZrAt3JF4AoUm0ohLU9M7lenMfnApMfVOGMhhmDUILrIh3VTMsMHfoo6ZZmNzMCR/lKKDQLxZVykVgc6ai1yb9FPJ45bdMcOP4QmcumcnZ2qqQJtPzf9sfX1+QXVZ7JEzUslL4ZnWUuX7xHGCJqsF2YXOxiOKYM7a9EdreroLQxIweu5P7mlQyaYoNOMfy0ogFmempncq883ts8SFchPCZZRc1/zUvhlRZjNJftS2+SZkKGHZN+rVhZZGKTuNuHf9fcz4qO0EekKqKxut06aZgerkp4V+poaOJnlcWmHcTF7coA8XiftdLOrRSzQ1JZ8a+xI3z5AtuWm39bqKyLMMUhvi6ayVDvxUeqT+pGz6aWomcvQ8/bGHPN/HvP/n+S6MQKGJNOPA1AxVs8xwJmLGcaMiQ/vzMuii+HbHErNFzmJTdmZV0wNCBjSqK05kN9qQe4Uljc9iudCiY5Hdj6+6LCZ2TWLzOKsr+ZmHINA8AcNMBkU7U7HyTCI31TWc/zFucWxkdkr5SFjT0buvRN+0JrY68gc/VGZwoNBEeNRNTZcq0/IeY2hnErjvel0S0zIOa1d2qCRBukESNB98bBVralq+0YtBstvU6F9yFl3K1hLF6RzF91LDjziaH35pu5pKvn1Q8xRD/muE6E7ia7J/C7Y2Yig3n4JvDVd2ljAjF3m2gtQU0s6d/Je0c++9b3bVvhbriN9jPvzqZrUmeFwe5H+mZgJGzwGg9lqVujsnpD69yKMtq4BCE2mBuqnpQ+nP6DNng9BtjsNPF9Nr1egAbiS6MizVuWyvgX/JGXisBEzZWmLWvdwx9fkFZJYd8GwuR8UBq1u8ZRXFkAWS5koUHxIwDDIZjA5kUY9eYg6GeuUZgZObPx/YHmrbg1o8XdHUNPtGcmaIdhp+lPwkJjqV9nIPQwmRP+VBPpuaiRw9j1dQaCIGWJqaAU78Q/FCYtqan9oS75Ig3UAixWx4l8qd6spGVbSi69eKW+PWHHxslThZTieh6Y8XZ8O9xJTYmZJkTTPkjjIw3ZFsTW7pGIOk0pbYnQtU3L7hTtmndNec3ISW8XRn1qPP+D8Swz36Vh6E5eeIY1Boxjm2KoEIlqZm2FSmP7mYlqpRvNFyfhWXnBcUZrFjclByT9Rl+Nuw6Y/XqI95yPen2ZpRiXbIFy8GUtguak16kZgJfXBnYcrVnuGrhsgbIHAq06wVKytqG99S0cKDnxc7RNbh0zcDlZLs1Of0cdXmNG4adH6OSo+R5xJ4nbIZSKZmYkbP4xIUmogxZqZm4CrTa4npuCBaFHBi+/Q8KHI7Pm+gWQFFJqaaSjG+Wdug0uxtbCdzukevLV5dDQQksB/xgfM3gNX1SDU9MPqS3YjLcyJRe9TRdLN9j3BTnK4RVmJKoBIzJKYmwYfyIN9MTYyexxkoNBEDiKkpak2XKlP8HheXyMuDfDMyOUWit3TGi9nDgQxSGqv1GuLe5TapJWqOkiKSQOxMSxzbhxKHmxXcg4+tgpZF6G6anoYBs3Zakj8Hdtb4asGiotr3PqgFALb1ps9ak/vyodWKVZvTqLgkdibFH62pWBrlqdbE/u2IY1BoIsaIWtO9l2n2PU6Ze6ASDrALGm9K95ya5X+s3A0kqGq43NPy88HHVuXlFMViMbshYPaxOEKzYnwQmuAY1gaB1Uw57ns9im/3YkZ1Z5RnLSRONjlMcshmcjM8ubxeQL1beoziRz8PmmdOD0+bd6omq/YFXAZk2VzJa62pd5tyLKPnGF6PBCg0kWa+WpbZ/crmFD3DZM1AIubBqkwHmiAvp4h2Ao80hnKNIlqzbH9KyqIevQYfC6Od6RiJw22WP8BNI2SYo9m4po5cXnEGI3EMFPXdqU9Ar/IWCfNihwKPpBviXed2M+x2evI6hu6PqYnR83gChWY846ASSISYmsTO9F9llrTvRx8HZWSGXy9ylqRKD2351vJyiuQSE8zzHUXVwmovriZd3cCjc4grrq+3gYAiRR0zyyoMlpdVFOflFXHuHRV8XpSIcTMYgULVuQriyZfY55IdqXzuYuJmSLRm4FjG671rsYkB9DDANsX0rvWmRloFPQAk1GTc8CYAHH1pKCSqygwPRJekbC2xlICKXcfJpsSKJbAyMrkhWZJbOe2jthPIPwDIyyli/ymOE5jWSCo79Q6Jwy03/HQNIJwFPYa4PyHzYofo3/6k2myuqVncw9mZXIaoBPbrmp1ZA4k0qU8v4lqvi0tCiG2hefz48ePHj3sxFCScdEm5AnxXmSXt+1GVeWbtriiqTC9sKqr/WLnpQMFw0k2ELOcmdaTU5xcoWoNmKZsOcFBLxI6TfexS80lUsuESiaT2tN0VOcxgO2qJPyps/cagsN8A/stN/8PllqjE048XjqTf24paM1SzTZI8rp1PZgU9kLAgEZR6teZ//vOfiRMnJiUlVVbqyX9VCp0fOHBg0aJF69at+/jjj6urqwEgIyNj4MCB48aNu+mmmzp37qxlKEiYqXl7bPrI9f7sizUyz6zd5c9O4wzFkDTtOkRFmDidI4uoL0V3jS4hvd+LOmZW723O5qzea6+zt6G3KkkHFJezY6Y9p7TU3BhmatLHJPOSK7LmDpM+1V4DFOwsVob7NRySug72vwVSGPQlFyJ3UIqknrJJVOa6HbeMyMlvFwAAIABJREFU6/Pn/evSs8fVSFb2M3r+5MbOM847SB6LulNcEpflQZZSMvXpRbrC6HPmzJk2bdrLL7+sZWtgKTS/++67hx9++NFHH+3WrdvYsWN/9rOfZWVlJSUlHTx48OOPP166dOmcOXPuvvvu+++/v1UrjMKHC8sETcNUa25hn/rHACBzwvNHVk3WrjXF73GUmGakbC0BwV8k0zmavcVMZEjKseURc0MX06z9O31q+RbxXSIqdmbYJgi1rLCmSZNhG7lLPD0cTNx0gN7yoECat1OtyYlIrDr3gmXLlundoIXQHDt2bE1NzYoVK8aOHWu4wvr162fNmrVx48bXX39d78gQr2ELzAlc1Tn5CVU3fiJ4pjVZ2HAYqkxFDO/lsVjs5PubAKA+x/SNEttSL2Kls60Uw/r8AgeNG0VIU0922vGyiuKP2k5w3NNUHJU492ZQeDT3qZtCIr1DYuVmqGrSQ4ul1mS147odt+TDUt/GhliiGBnXaGrqxUJoFhQUPPzww61bm642duzYCy644P7779c9MCRgWJVJIFrTi30ZdC+KZQJALBYDAFstIeMGXo0lF4KQNGl410/ZWnKSeQyCEykpxzYzNekWJIFyy4UcbAW0++oWZzpm8LFV4HSuJnk7TBaz8ZBjV6nBVzntlhKQrOB1yqbiB6FF/oa2BVI40d72yOfa8yc3dp49scG33SEasRCac+e2yDg+cODAvHnzPvjgAwA499xzf/WrX3Xo0KF169bcakh8wKpMinZTM4Sd2N33D3cPGQCrFKvLYpwHWQ9+9B7ndKoY/GVfJQKI663Drmb33Dpo3GiGOEmPSwzH5kW8WJ6fwOFsFitPr3nvGgXEdyTdcEpMbqGtRFKqNTnshsIDiZ4j0cVeH82f/vSnubm5t99++3fffffCCy9cffXVr776qkcjQwLEzKjXG0APocTUiOXdnc7QyEGCueI83ZBcSB1Hs6Jvxelw6vMLoIx5DADUJGtpnVYlF9I1FTGsd3HsWaqcQ7FHellFMalzsqyODzYzUu/UpsFimDHstalJiNdIuigixdnU7EK0pnfzoWtk2ZYxhdDiC23WyiRaFYRECGuh+dprr1188cXk8QcffLBmzZq0tDQAGDduXE6OeQoYElnEoDmLrgB61FWmXPB5Vw+hseU4NUpVVlaPcRvWu7COpsrutJw6ViVfBl2InclNw1OetdDZvizniwrEFw/hzJYaPWk5XCQ9PrSmd1CtuW7HLfm7DTIy969LZ5/Ki9ART6m9dqpKmmY4EzRBRWjefffdK1asmD9/fnp6en5+/l133TVx4kQA+Mc//jF48GDvR4j4ilxlUsxMTRKXsWy6SVVmdCUm+1j7fDOK/dJFJPmXKnl+JF8wt3IaO5eMrQE4k1bcu2zJdLMpH0uztw1qUhr1+QWNxUB7u6zo+jW7WlFH411YHnteTpF4ArmWRtxGDA9ThFQpcQsVi5ZEH9e93qXW+2XQhbXh2SHJGyDQLloc2v3m+76ozciriz9r0xDL+YHM4JI1x/X5M/ThRaRleyOCd2may7aMMVzOtjqCOO1kFCyVlZW0ZyV5UFFR0aWLq47I1kKzpKTkgQceyM/PX7Ro0fLlyx988MG7774bAM4555zly5e72TcSNrpfeQSetlaZhgF0NvVHIjejbmSq4FHNr0ss8/y8nnGHm3FbfAyOdCrVZFP37DRbJ2VrCfToZXfLlli2drKUquJCs4QKS7z4/UM+HbZUn+3AT+a1jw1pfGqoJhuLzHIMfjupqExw9Bekbm0q/jAOIaRhuy6t6WALXqdpNurXs498tSxzfGkDEZRZWVm6WohHDktTU5edmZWV1dCguejKWmi2bdt27ty5EyZMuO6660aPHv2HP/whNTVV7yCQkKA+u4CzZM1wqkz3/cPFJEgWB3dKy5aWkh3V5xc0tzdSlhpmKtPSB1U3zBTbZzqT6RKV6R52nKIQJC6ppeMYhgozu5ABNzuaLf3gpkOOgckVu6hHLzh0BJTtWBaXP3u4rE1Rayr+MA4nKtMCWaK9CB3xGonWDG3QnKDaZX3YsGGlpaWtW7fOz8/ftMmP9nuIzygGzSmZE54HgJq3x0LLb20Kt5ANl4dHZQJARl4d909cqL4173xBdhhmc9LQ5eqzRJpBNlWetdDszHQ6uanTyU0qJydwgVWfX1DUMZPIHfKgqGPm1D07iTwtPnSk+NCRhfu+Xrjva/LYsa3oD+L5NPv9Y7aF6rIY909cCC1nOnWJ2XSgKjm7in9T4mrsJOmgSZ8Fi1gJpHJQZuvYnaDSELMYN+IFtddO5TSluCSEKFWdnzhxory8PCkpaf78+RMnTrzuuusuvfTShx9+mLQ5ROIAuyqTpebtsZ1avy1fJ9JJmSySJEgJzkxNMImBiiFFl+rWTLaatR9Xj9LalZiOq7AX9eilbmpy459KvDf70DjyZXu7kDiyaPdSC5AmODpuEa8RM3eZ2q4pW0tga+NL5MRaniL2ijVbWfHHj/r1zJ7wXJgGwkdwH9Q+ckYqkK+gzk/cWX778Nx7zH4YR8LUtCuX5UF2N74mNjkKivArSw5roblq1aqbbrrpxIkT3333XVpa2pIlS7Zs2TJz5sxBgwYVFxcPHTrUh1EiPuBAZdIK9KoTv+vU+l7uVfKt7Wm4XN4hyH/kBbZihYd8UyQOrr4LusKQ77vqFsnpS//TTDVOsUMUT1HTU0PhW5q97bK9zZ3wd3z/B32+fA+EXFLxvUREkoAym7zIYrZcEbF6yRD290+Lrv5lANLu7to/XGeSncXWRFDsgQBTx8YyD+poyubjnZ94ESJcHmSoMh1nahIMm2tijTmiEWuheeutty5btmz06NEAsHr16mnTpu3atWvBggWvv/76FVdcsWsXThUYedRTM0XkWjOcSZkukXiNtso7JGpYsQyCrKDdzpTjIEvV5Ugk54Gew+JDR4jEsbTfuPGTWunyrIXkZ0C/NpdBk9a01WSeaE0iCos6ZhJtx2pEl4pTHdrVn3YbMBu82WVm+BFP3bOzKtmnQ7CLZV7vNYfnA8AzHe4AkrJpJK0iYWfahRWmEj3qsrmmz1MEIZHDWmjW1NScddZZ5PGgQYMOHz5MHl944YVbtmzxcGiIjzgLmhNErcl5mXEjMVm0tzSiyG1RlZU//HKhpU1FxYe4pqddxCWbosurKy36tEvEk4qjRud5l3TkAZPqeLYEm8LG0AEAOvqRk8qdBMnvH0Mc/D5R8VZdoqXpptma1xyeT7UmDJq8uvR5Z4MMCknQXNHUtFzNrtbE6DmigrXQvOGGG4YOHXr++ec3NDS8/fbb06dPpy+dcsopXo4N8QM3diaF1ZrpI9fHpZEZCBoTMdX3KF/BLEtVrgPIW4iwo2vayuDUVbXNzorEMvjYqrr0p+nTHd//wZD2b4m7Nqs6Zx8UQSZ9iVsTmroCgcnhcz539V57eSDOfv+UVRTnMpNzmn3ERQ42bRONnfMNV6BaEwB+3KQ1o+Jl2o2P28rmxCJ0xDushebjjz9+6aWXlpaWJiUlzZgx45xzzvFhWIifuLEzKVRr1rw9FoZ+TBZGVGUGWCWtS03qne2GblAlCMspQi1lyylbS4BNPXTRb5KIKrmXqQsudE4D6z7sWg79oNl5klpMFsqcbRqL14LKxAHqf4DVZbHclvPXcz3zAQCyWryFDaP/eNBkTzu6h7BxkmUAHVBrIrpRqjrv2rVreXl5jx49OJU5bdq0hQv15OwjgaDFzqRQrbnkg4EHzt+gccsJgqQMQi5AP2o7gZUvsVisrs52uTcrTOUi1SBKW2Gt21htp66DfZiHicDamYQPv73gBzsf5XbHnmdO7PoQWTbDlt3LXkts0ZXZjwT2DFh+cJYy2nLiAFtwRWNcGZnkD4cNo3uhNQPv0+kszm5YGCSHRM8xTRORYC00165dO2HChKSkpOPHj48bN+6FF15o3749eempp55CoRl1tNiZhDNrusHof21+81xdG0Qo9O6u7uTZymmDlvpD5b1Uf3BvZB0mRTtT5nK1NDJdYtcwfq/X3T/Y+qizMTjTnXoNP5eIfbVyK6eVgXUGsBeolN+J2b2Soc6DQ3E8WaXjOnSXhUGIG/RaP+HBWmjOmjXr3nvvvf/++/fv3z9lypRLL7107dq1KSkpPgwOSX/sIQComfkbLzau95o+s6YbebD3Ryu7vjzx1HdHxZ+paSjydEVCbZVBDD62yqxZEhkkmQHcbGZq/xFD1exBmblcXMuexsY9ZQBGRdyGwk7xqEU7U0Qu8cW5GcURqgxGr+EnblB+meXCNJXfGI6Lw5wdjkeudsrWkvkAd/QdS57atTarNqeJ7dMJke7TCY58TQSRYC00t2/fvmHDhlatWuXk5Lz66qujRo267bbbFixY4MPgEhkiMdnHzuSmPKKhy86kKvPF1AN0oQ9aMwzpbpZYDrJRwbSdAOZTKdbnND8mIlIFiR6lOGgqpPJ2grO5NMEoU1BEVJZmp5qagtRtZXMTAWCHudB8r9fdfb58z3K2dG4wl+3tIkalJW+3xHKiVEUNJ/lM5R8l96r/3VU1wl6T8z9bD01y01kYXaI4Iw2amn7ikZ3E0daHfRhhLTRjsdi3335LwuVt2rRZsWLF4MGDzzzzzNtuu8374SHOmXHewSc3dvZhR6LKJKYm+KI14wzDGW4M/RuJiFRXolrgRBtwqqhRLBokcUrEiji5fFVyIZFuRLTZCkyTrbEVMKwKtLQz3VfDFB86YtgXSR1xAlK2Obl745PLf+AurQB/0XnXt5VlXqw5jH7nwdvd9D8HE0cwKnYmAQPo/uPD/Xr2xAavd2GItdAcNmzYfffd94c//CE1NRUAsrOzX3755TFjxuzfH1cZLaGCtTPZhfIfPU9u7DzjvIOKu9AVNzf0MiEhtaY/0xQZisjL9nYx690oNzUtTSzLjvFgXpDBvnfQ1v5gpJgNT5qoyUqzt+VWFtKdcoXGKrgp53+v191D2r8FLiZAH3xs1YquE4og09N6JveYTchka7YeW1jqY9r0VBdmynVefgHRmo83zVSpcadRBAPofuKPKxQU1kJz7ty5o0ePnjlzZt++fcmSs88+e8OGDddee63HY0NsQC5TW1rTfdzcTGUS4kBr6urdaAt2hhvDWc4phiLSvZ05aH//5if7ZdaRoc4wbLduOJemikxRqWpXmYyb3Rc7wg+/vcByDE2rrVBZ04ype3bCnsbHotw0+5Uiam5SkUMeG7aUJ9i6bkUdSS+tpkzTZmXfoiNSJVQDdDrpt3o225fLv1bqa7qfqZL4lyFsb2QXNDX9xLvK/WVbxni0ZRWshWb//v337NmTnJzMLhwwYEBJScnmzZs9G1hCUzPzN6KpqTGHQ28ZkKHKJMSB1gyKRT166bJCzUxNM5OvNHtbC62pm5StJbRzOyjM/244TnJyWHeKKLkwmIWDj60CwXN1dlYNlRPxHVnn2PEvosYTmG26woquX7M/XcRp6OlBGZq1oSqiJ5i1oweAsoria9iZKpl8zarNaeKm6EL6gEvWNJOYb26fNfrM2c7G7ydoaiJaaKWyUtu2bVu35iVp69atzzvvPA+GhNiGdd1FB97wp4wuO1OiMgl7f7SSPDj13VEu95jgGOqtwcdWsXrUVoA4L6coL6do0P7+4j92NS0d1+mmzObRZjNT/WlImbK1RNHOJJBp0BUxi0FzA1DfIMGL2aHMetdTfflR2wnkUrH1dkJGXh37T1yiojLr8wuofmUfewTp6A7MJLoA0Gn4Ue4fXci+Kt8y6W1J/vvm9lkejV87sTW+5nyzfLUsEwB6zai0XBMJM0pC05CCgoKCguDNg3ilZuZvqIXJPlaBak3DMLoWO5MGzVXwTmu6rORNHCTxdB/u3BysNBl8bBWVmJzcJBhKq/KshWUVxWbJdpYD8NRCk5xqvdMRUS3rWH2ScyX+zPio7QTyj11Zshf2uDT+LOHQeKEaKldupkrygNWalKrNacTC5B6w/8R3sSozQhBTVq41x/X5MwQdnEXCjNLMQIb07+9hcA0hqOhLB0nELu1MeWqmIfERQ/eo9lZls9xtnsuTgybNzVbJ2JJT9L5rFlW0hGYZXgZdDPt3GkqQ3MppALJSD2KklVUUc92CAAD2O9c0KVtL3ut1t9139WtzWZ8v3xOXt2yZOU10ZM26VtnCn8nuzSDnnE1v9UJTWnZxAn2/E+QXNjt1ELRs506cS9rVyHF7I8kMPaECA+iIS5wLzeLiYn3DQDRjVhXk3s50oDIJzrTmwn3GUVRWnOmq5PXzJmcXPnCZI2vr7WAKSgl2T6888C26elzy4tQ9O7myHlFgkUIiSbKdBPqWH+x8VHzV+jCFC6C6LFaetZBtNgSH+Depd62S7ZmZUFGcEcdBDbjhCZTXVFm+3eWfofj35U9BnqGIp1oTXM9UaWZkuteavnXxxKqgsBGhaT+dC00AuPHGGxcvXqxrKIgDJHYmqzXJFUlUphs707HKJHjha9JbnWO52Wy/dW2xvKhjZiBV58HCzmOufcvexVW1kDyssN7+HPFiryVji3qPwTK7+2Ifs7KS2L2O+w2xLYQiMQmCdtjzxl6lg/a7beceH6CpGTZIokJUtKYrofnXv/4VhWawWDYz0ti23aXKJLBaEwDCHEa3268xbu7QXrTIJhrILEmRNTXr8wuKWr5RvsG8nCLuN4akoamnSleu81gFX59fUFZRnAfN59PNxeMmpN540sqYx1LYqUFJdmMsFjv5/iYQsi8st+b4V5z/P//Ydu4OtKY8LzMqAXRAUxNxirXQ/PprPypAkZCjRWUSqNYEm9amOJ000Pmvm+i0dZOWigHfJteJkGnq2DNmA76c1KtKBnnTH8spE8sqivPyTddRhAgmu+8SFZ7lKWLrTmwZkGb5A2YL7U4foPixitOOw7BCwwRfw1MR/kvdsp071ZpcwHruAePK6HtOzbLcaSS0Js4VFB7YuqtImJrWQjMnJ8dyHST8aCk2d68yCaQO3W4YnU3+I+6U9llDELCKcduSm41dyrMBFHSVLQnrzMbTmFZoOADWmlX5CeF+NqlgK4QSh5StJfNNYujyFEm5nRl+fcmCAXTEGdZC86qrrgKAm2++WXwJ+2hGDmcJmootM+3iMmWzPr+AhPz4ha5h7Uwt8+zpIuQTGLLQ2hc2XF5dFoOWDjSwnnTTp2mozyS6TctnROK/YP/cii0z5WkGrDSUTxBq+BbL5d5dsYY/P06+vwnM83q1T0ruNfJfWQ5i6IZSMjU1DQBqa50U8Yi9k8QlnpYH+WZqYhNNQ8Q2UuE3Na2FZnFx8U9+8pPWrVsPGzbMhwEhHvHXvOdvKJvs4I0eqUxCJNoehUFryoOS6hFJWxM/yn1NBwKiPGshFz0nnrTdTem18SwDviLVZTExf5f0nKoic6gJP4HcYPaROTsPKt0VQFOYuzR7G5uK6oBQRdvFGLr/UW9ORPpWdU7AAHqw+NOs9Lnnnvvtb3+7d+/eQYMGLVq0iE4/7hhroZmSkvLcc889/fTTotDs2bOny90jPuC+HsgjlUlw72vq9flYO1NlfpcIYTc10FYFuthwCkxalHObVf/giLp1Y+MpHouljGbVD9kmm8VB3muo5ySzittFojLlc3s6biFk6PbRUn3xVTrRaGMPTkfTUfopiwmWlz31NWkPdq+1ppsEUCQR0Ghqfv755zfffPOrr7569tlnP/jggzfffPOGDW49IKWq89TU1GnTDMpvd+5U7UJcWlq6ZMmSAwcOnHnmmTNmzOjQoYONMSLBYWsGIMdIStGnndbFsiWkS4nJ5cOVVRiso9HUdHC7FQpoCjud3OQ+KKnubirmNaroFbpTtt5ZTuPekwsbH5tPzK2R8Gcp5OUUSVI8PzJ5yRJdBy7+xuCuDUV1G1RnTfllT7Tm452fuPPg7Rp3aiYoExASN0dY/LEzu3Tp8t577/Xr1w8AJk+e/Oyzz7rfpvMpKAHgxhtvVFmttrb28ccfv/rqq5csWdKlS5ennnrKzU4Rx9hN0PQ0aM5Bp6mEQGdFt3CJdKBl9mcHcF0Yqbvpxb7I/dismZHZjOcqSGZxVDkWVj/ZnRDSbL5T9Zm4zUZo2eJAcsY0tkdg92K2R/nBmh1+XFYskWkqH+/8BERwYkn3+DMBOiZoqqNLhmZkZBCVCQBr1649//zz3W/Tjz6apaWlPXv2JJH3a6655mc/+1l9fX1KSoqbXSP+4KnK5EJODkrRtWsysf8OJUBzy4spWOwOALR6XYP292d9SkOahV3TOlXJhbmVLdY3vABUSraJyuQmJRJJ2VpCWnVabpAMjzNoOW2al8dvx8ySZAfAPWbPP1GZjoPvHGZnQ9yv/BowS2+IHJaXPZk6SLuvGXKw9jwQ/J9KfvXq1YsXL964caP7TfnRR3Pfvn3dujVGYNu3b5+WlnbgwIGuXbvK34XoIv2xh+6HWx8e9odn91xxdY/liu/yOmhult7EhtGrx272dAyJg9yptZWyqUh9fkEeNOpjOquhOA2j2U+FlK0lnVoqbK6VlRu9q+5lclmGcuyGhiWZlO5TNex2gCdXCKc1HZRJgcnFFoaKOmfIPVo6TeWI/y2OVq8i93hXEoRxcw5FlakxU3PJkiXz5s174403tEg1P/poHjt2rE2bNvRp27Ztjx07xq6QlJTEPm1oaHC5x3CSlRVM4jY51w8N3fObD3qkp6ervKXbvlMA4NXO3wKkejk0AIDUNH4Xh69Y12H5OADIWD+8euxmB520XTGssLHTDUPysMJk5qnZDOzTTutiuFxCNYDSAbYcFTceEVsnTdcZFo9lITNxtqgyASBla0nysBYmJXuYZu6y5PAtP5qTLZdbmpqEWCwm/6RiQwCgxavy9T/8ciEADD62asj3+fR38lJZRbGZv0jOGFmNwJmaxYeO2LoUq5XXNDwixeuHW031ygcAgAMfwqlDnLzRH4ipSZoWqWO0vr1IcWpqWupoALC3Xw2MHX9i/RoA4G4omZl6BOJXAAAwbDYA8DfNoG6jCcXzzz//+9///p133snO1pMRb52jedVVV1111VUbjVDcRywWO378OH1aV1fXrl07h+NF3LHwk/GW6zAq0yve/PQ3ho8ph69YRx5krB/u3TCiwsn3N4naVx1WkThbwZADH/L/xIXOqDKPp7vHrp1JkJ8iZyfQEDOh7ClsdwWaVGC4puV1KDkVGs+Sz3B/gNyB0GTNN7fP8ntk8UjZgqBHEDJsBc3dR9grKyvvvPPONWvW6FKZ4E8fzW7duv3nP/8hj7/55pu6urpTTz2VXYGzMCsr4zD/NysrK6jjIj85jxw5ckfv/8z/fEBNTY3VO055MfWAo17CDqk9WmuwsCmGTrSmr102hdyseqvKd4JlgbwRMct3VQvCS9RwbJQ2FmuxTTZkaRZDdzDyjDx+iUGw+FDzw0U9eg0+topz6erzC9hzK0uQZdIfucm1VairqyMJl+JLZqYm6YvJYnjaySn98MuFQmjY9JNlPwXujWxxj+HAyBmzbJPk6FJs3q/Z3sUtixcbNzZ2I3U5zWtm5IGdMTbvxeYbXcFekPSqE3MA5kFjEfrwWlkXd9rz0k3DdhZbW9DbcZPEKOuXL2Wj50eOOOx10JLGPu3iDTOo22hC2agvv/zy3r17u3fvTpccPHjQ5Rnwo49mfn7+n/70p82bNw8YMODvf//7ueeem5wsj/sh2kh/7CFuiTxT04d+RmKFplkjOhpDhyA6untUbUOT1cg9LCO/AKRTEZJsRRZnTc5BU6amY4iEUgxVB05p9jaAbbmV06jbl1s5LVTNw3Vhq3AnzP2egoU213RDhPpiYkmQPzhwKF1mal533XXXXXed47cb4kcfzXbt2t11112LFi2qrKzs37//L3/5S3tjRFxTe+1U8oCYmmar+dnPSJHDV6yrPVob/tmD5FAdScQWm37XaJkwuYzeEapqDEPJYlZfn7K1RKxP5zqJyiu4zexMgmP5yzWNYs+wZMJMcQl5o/hSafa2j9pOIOmt9GAlbZK0lJ+ze7d7WgwPgWwkciLVwaSa6lNTRgIiJY8XjpSsE1uz6qVe6wFASxkKlgFxhHxuSUUshOavf/3rhx9+WG5AnjhxYtasWXPmzJGsQ0xNJwNEPEBianqtMs0azsln14jETJVuIEpikZHcDLy3kSVm9cjVZTFoKljkIsIOJC9bcu4MIneo3OTUT/L3YzQ2Kplb3COxTlTyYJNXF/XoxVaRs2OQyGuV0Vramdpn3lLE2TRCwUJMzfjQmqxbaSY3vTM1sX1mnGEhND/44INzzz33d7/73QUXXGC4wltvvXXvvfempfle9YYoIMbNwdzU9GcSIMcdQCSzB0UFy/Q7idwMJ3z7G0dFPLyASC4Erh6oDDJcq20imFhTU9S7ycMKSSIgXV5dafy4eeQtQ52W2s5Bz3ZnPqXidKPcq8Zua75sC/K3E8x+WkgkrINphLQLYge/8eJJayKILiyE5vr16x988MEf/vCHp59++rhx4wYOHNi5c+eGhobKysqPP/543bp1u3btuuuuux544AF/hos4gMbNJYQwaC5CtSYEbW3abVJoiHpckm8crTBtoxmSZFD5G52ZeWSzkmAxqM0bHjdw59CyYXu0oPMdWH5qzjp0+rM1N5RVFF8DQDprAkDVZt6CIUuqGp+lAYDGAh1xR/KFZrs29CnbbHpbHkN3D8bN4xULoZmcnPzQQw/94he/WLRo0bp16xYvXlxdXQ0AGRkZAwYMuOKKK6ZOnaqxBh7xDTZ6HgmVSeBmDwIPrE3HUkyO+lSBU/fsNIuhkwf+RwwN7THR7Ol0chNsVb3Hk/OsflYdz05EdyHmaHJHdOBD4HphQkvDlfXVyiqKc8Egc93Tsirx8A1PoCRzVILLhIHwqD2NOL7qiKnJKTntVecSRBGpt+qcoCWFhhxzAAAgAElEQVR6/tWyzO5XNn/rYtw8/lAqBsrOzr7//vvvv/9+ACAdMdkG7FGExJRrZhp0cEwE5CVBoaXNpg0AcLxwVHisTUXMVGZUSrBtwSlIy8oVquzNOrqrT37oklOHNLdIJNJKErHNyykSg+nuIadFlI9uZJyiUlRJ6NRyvA6KbHzbmiFkU9VlMXm3B266oOgG0A3lo9d2JhLH2J7rPD4kJvs4YeUmMTX9Sc10CZGY7OO9PwLw2NrUhbzeQtSaYcvRNLPHDDPYxMGT9c184uJDR4gKtyu4qdhSVD/+1/c4gM5dDlDkeCPa5xknp1o+G6cPao+gkqypncajSy4EZZUfda2pzvHCkfD1+qBHgYQa20ITiQ84UzMScXOR8Fub7F1fLOkgbTLFhdwSlUw+LWmjLqlKLrxsb+Pj6r0ATNz5MmicEXFF1xYz31Cv18zcFe/o7BlTLHkBBbuOm+7FbJtBCh1hoeFvEsPS9bKKYnr5KV4qZs3z3aOrkYJkhP5H7UV9T6dBjyLEv1Rpb6QLkqCJcfO4JLGEpmEVdvpjDyWyqQkd3HaN8RrWzmQXHi8cBb5kbepi8LFVonZxnATmZhjqVczyOp76/ILiQ0eYYvlmEVnUMZPVZGwnUbp3y7zVquTCDFBVdW6ktqELKGZhEt3MZW1y73IgQ8k5Yc+GY59VS/W6KODY9FbDsXndhCvATkYuzdpIm5q+hctRZcY3iSU0EZY7ev+n48HqoEehB0Nr06OyHnXUg5jeSUzuJNDgrIrmSNlaAgqVfpyvJtk43XtTS8sWr1JTU9Iyk73rW6of7WTk1bHq2b27WdQxk1wkokCkXf3r8wtMZZxwhZMzT67wMJe0u/99JZut1HfM/tIjbWoq8trX9wLADWWToWyRSocTSWn5zicbu4UlrOJ0P1N5OFESmv/973/fe++9Hj16jBgxgl0+bdq0hQsXmr0rhNTM/I1oaobWzuy8bYfh8oP9++jdUcjj5scLR4mmJrEzWURrE/qv9GN8JpiZZAFmBLJqRq622bQ8EclRqGcZWk47breRk+Nzqz2pUS/ehbAVd2dZrU9woB3lq9FNqQv60uxteaBZaKqYteIM783np67Z1PSok5Eiwe6dwhaYE75alpmwyjJBsBaaa9eunTBhQlJS0vHjx8eNG/fCCy+0b9+evPTUU09FS2giLHFjZ7Kw1ubd2yY+GqjWDDMqsoxNmnRvFHH96s1Wk1fi07u+ZAtuuOuTU+jj/+v3TXnWQqjwcOpOUeOys6vzsjsKbYO0jE1lIgBR/+m9JFokRTQNoHkegTIAaUCf/n1pmQM9jsHemYQZ5x0MeggeYi00Z82ade+9995///379++fMmXKpZdeunbt2pSUFB8G5wXEv0zwenOWG6pveK0aLu4im0E0cIh/SdsbyVdmrc27t00EAFtyU0tgXWKSBWVqqjfytExKY+UOe7q4+nQ2wbGoY2ZZhepQSSy+SHX1ZhycWzpmVmKyS9aNmWh/INqgWpOcfx8kJifgHLjaeiHazjgvtkn2sbkWdgdG5wjgVKMoIkl7I3FNUDDFI52pKYHEzR2DKpPFLIapkYaRWdYreYC10Ny+ffuGDRtatWqVk5Pz6quvjho16rbbbluwYIEPg/MOlJiUq3OXP1t+RdCjUMJSYrL4b222SIljkhTDUA9uqDIdaAVb3RzZ+7Gt8LRh1RRFMhe5Y0SVSRn3xsp/ZF/JLjFr4W4Xs6MIVWtVboJ4itdN6SlE29EGluIJd+xwcztSqe+xlc6ROKbm1T2WQ5ntL1haAERTMxMZH1RmgFgLzVgs9u2335JweZs2bVasWDF48OAzzzzztttu8354iFdwcfPXvv51yE1NB9x6ziIA+MO/p0KTtXk447GwdanUhcagqrMKYnl9uiGsoirN3pZb2eyAVjelbHFl3URkkM2qZ8GalcUQ/S1RmYSf7F9GfU0f2ht5XcGtMgBgdJhHWQq6EH94+Bw0UAxfxKup6QZMzeR4o2euR1se899yj7asgrXQHDZs2H333feHP/whNTUVALKzs19++eUxY8bs349/M5HnrQ5p0GRqxpnW3Fw+F9rdCAC3nrOIaE0A6FA9c+qex2BPi9t24HlvlgNQKdxp8XhYi5w2SdDc1i3ZcZ8XszsxiQsv6tGLjJDmJhLycoq8VnVN1fEB9MOSqBP16h/5heGple6dmKsyysisSi6kVqKWq0Jjh3mV8xCXpqabuDkGzRMKa6E5d+7c0aNHz5w5s2/fvmTJ2WefvWHDhmuvvdbjsSFeIZYBRSiArsLm8rkAMOJ/i99pdyMAHOxwGwB0Pvz/AKBD9UwAOAAbIASzM/szAMNmQ3IVYrf0RD7vDnsnpmuSUX3UQ7ZNw8nE5XsEmxpoWamSyhz3xkq9yZp5OUWGWqcqGSBMpT8SO9MjrZmRV8edGTYtUlSZnrZ34Ax1sZEqQaUqCOLU1Ly6x3K7b+G6ZqKvGfdYC83+/fvv2bMnOTmZXThgwICSkpLNmzd7NjDEc4idyRJnpiYA3HNqFm2NdLDDbURrQlP/o8MZvjaOEQO41k3nrDAUKyff3wRN6sSNrcVJHElIl7upS3QnfUwTMZ0lXJL3Bhtido+Fe5dcCADqLev1Qj5uLmHUn9PL62zztEjFVq8c1WUxsZK98bNo2hfRjoYlQep+KjtzFTE1vdCaVZvTQtK6SB0UlwmFUh/Ntm3bGryzdevzzjtP93iQZrT3y5QTNwF0YmfSxyPgHPqUtTahyd08nPEYXcGL2ZnNIBPqcJABBN5qXn43JcUZipuSeEuc32lXcfo2v7ZH1OcXdNrKn0Z6bmnti+V2HIeSw+CYSlAZmDPDlZwu9vph6410IV7P8RRA5+LmdeMnxtasTH3aumc7Bs0TENWZgU6ePPnKK6989tln//vf/9jlv/3tb/UPCvESSfvMOAugE97p/u8RX53DLjnY4bbjhaNoTbooNyOEocuYPKywvs4TG6zxTlzGPBZQsTOjS4BzIWpEMWcjPBF8Cnv+U7aWDAKDCn1b7eLpqfD0ALkA+qup33q3L3XcW6F24+Y41WRi0kpxvWuuuebyyy8vLi5+pSWeDg7RQurTi8SFYtyc8trXv/ZyON7C2ply9v5oJTE4CR2qZ3aonundzSZlawmxMGlpjmH9e0hu5xzFh46w/wBgUY9ehrarWcKc2ZbpS4brlGctlLxXoo3UuXKQUs8sj7pp+tMa0yWRGKTj0niPjs7sup0XO+Ryy1WbTb+6Qw6qzIRF1dF85ZVX3nvvvaFDh3o6GkQv4pSblrMBxU0AneWd7v8ennuPYb93LphOcjfJVOl2MYtrs+6RranGFRFtp2SLdyiht9TDsnYnwJk5fcNujb9H8i7qKQcUbpoo0sQgDEdhWZ90SWX71aXPtwE4XjjSx3Fpw0G9OarMREZVaGZkZPTp42vKIOIdEjsTohxAl9iZm8vnDi+8h1tIJxzigulu5KYE0XQhpiZxOl3eID1yZcitUVEZy4Pj4nzQdLmj0QEox3blua3rxkwc94as3bQWO5OtC2EXsk9JPQo3z6GYpqk9m9CQoKawEpGnK4S8zafI/M/W39F3LHncZtPbYF9uiqamuMSH8iD1uDnmZbpEvQumd5043aAqNGfPnn3fffc98sgjp5xi0dwYiQ+iaGoOz22WkpvL57JPJVCPk527EgBOfXeUe61p1hORlW5mU574g6WeqC6L5cI07tvrsr1dAKB6b+NT2kedk5IqSsW9oHGvuiRa862s7i43bkaz9MxvbHXElliJVwWdLJFtKkkwbGtvhkpDeENZLCGoPM76/AKoaBaapdnb8sDbMVj+kSo23vrxoMmrS593NgZORIa86pyqTLQzExZVoXnGGWc89NBDf/rTnzp06NCqVXNmZ2UlXjoRQKUYkCXqAXRibaprTRZWbmq0NkXfJQxTU5KbomFpM5mnh87QU561kCrjy/Z2WdH1a7B5CIHP/262F7L8nR9eCQAjXllGl2uUmNws8ORMDna0KSpG6RWVWzktwBKlk+9vSml67LXcFNOCJZMR2ELjCZRfyeQUEVOTas02m972J4auxQq1FTdHlRlF/vKXv8ydO/fAgQNDhw79y1/+0quX2+n0VIXmdddd17t375kzZ6alRTUTOTFh0zQtEzRZQhVAJ+mVD/XOE1+651R+nlz1eiAJ7FTpbuQmcY8Mo3tlFcUhSSkrz/r/7d17eFXVmT/wN1yPwaRBAogNYbgXTeoFWkIJMgiFpw9PvUEf6ZORCa1MrWPBdgYbRk1H8AI4nSq2VUEBUQtWOlg70SGDo1RQRKRAcGwZKiJyDxCSHyEkYH5/rLBZ2de1915rX7+fx6c9nJzss885Sc73vGutdz2tG8/tV3unbp8eEhhAt9+FMtxxWKsSnXb91/rfSRbh0mb+oudoxSckvqhpdafi2wWJsJ9yoIvFpi9cFJaim6bM6Iz4R5DEUqjIuDlSZhz96U9/euCBB9atWzd48OCKioq77rqrurra5zFFg+bnn3++bdu23Nxcn/cHobOfoKkTelHz3LqqLhcuV+6uIYu4acVbUZMxjqSTgombpm/YwRQ7TfOE/TxLucuY5Ap47oH4rk7Gp9R/HU730YUv9Yn/8Jie8IoTdcMN1/DHNNnytL04risKzNLCQcYGuvOGFFn9kTJdY+5q4XlYA+tImTHVv3//jRs3Dh48mIjKyspuu+02/8cUbW80atSovXv3+r8/CItpkyN7Zf1WU9y6HUkpZ/IOfHstS5xMrz+OY4lTnM1iBRXrGFacqHv64GFjQyJHPvtcumqf2Xn7Vi2j8Jd5K07UsS95eCw252B1+YO9T5NwyyTT0/B2bsYz0fBPS2DRzRiCZQ1Pe2PVst7mrALo2Kr7mfT8w3njdQ7v4j1Gndb9Z7zS42NQCSkzvvLy8ljKPHny5JIlS2688Ub/xxStaM6cOXPGjBlTpkzp378/P0dz2rSojK6CFWOTI3HhDqCfW1dlvLJyd41VUdM0Zfopamr8VDd1A3nakg72T7a3ten6YqX1ObcNLzXDz75KdKexbGYz/ZG/xqoepisKdt6+VZtTzCpApm1H5fpg79OCo66muzrN/GxPy2V2w9CyGD+fWFWapY8ji4zgB5OJtccbhbnOrrCfZG3t+bwhJj3nI4tN0LQfN0fKTIB77rnniSeeGDNmzKuvSvicKRo0b7/99kwm8+ij+lFUBM24yHzLewE89AH0iJA4mG7cwvF4x9Io7DrDckm90xuEVrzR3uatFmqEPmfOauaoVQSUux0O/9jZU2RVimNtIHVnwm90rtvJxpHbleNkW5bGxEe5JH5wCrioiZSZBo8//vi8efOeeeaZcePGbd++PSsry8/RXGxB6eduICJcTdBkQlyB3mnSZGNR01U5U/uS/6KmxmfctGwuU2N6cyUcF4DnFjcVUzl/PZ8jP/zyYW/3q3vgxmjFpveZZqmZn+0JoKipJSr7iGk6025p4aBygbuwmuRqWiU1MpYz2bItKdNni/uUm47/ah8nrF4d7as+T0CiuITjrZdeNeL/fRT2WQhxXG/+l85z2AWkzPjas2dPQ0PDtddem5ub++Mf/7iiouLIkSOXX365n2M6BM01a9ZMnTqVXTC9AfsqJFssuh1JjJIiAlgqpG5hbwBvwPpV1YZ75HdzUXcaHjZeDyug8N37lxYOshoR1s7NfkagyMpxuQJImeKj5B6quSLHlPs0Dmv85OPsARIPyIj3MHJVCnUcNEfKTIZdu3bNmjXr9ddfHzhw4PLly3v27Nm7d2+fx3QImt/5zndaW1vZBdMbsK9CxDXMqaRdf/F/nOCzZqdJkxtPN9q0N5LFdINKRx7iphYfbXKk/YrmKHSWcYu9SdvXw+jCgzK9mbGcaVwmYrymuLhc8AwzmQwRNTWJzl7Q5UKRb9HlJPac6PKidihvC8nFRbPgZ7r0x3hl8JNMBJMre9WUTht1TIe7r3iAXWCfvSWuOrdJmfuq235ukTLj7uabb/7oo48mT5587NixYcOGrVmzxue4OTkGTS1HIlCmnLYqKJS6Jst/iiqWLGLylxXFTfGGOFb8HMGqAKbiTdFxnTIrZ7JunZ6Lmrq0EcrWSt5G8+trMmy8u+bQClLQLsp0Wio/sO5n+qzIxkKeGV9BDy9r8NVccezXTftU89MmIqKtl15FdCTcE7NnP2iupcxrm2c1UGUgZwQK3Xfffffdd5/EA4rO0SSi1tbWkydPdurUCd00Y6fnhXJmpmpt02SPGzeHmzWjT9ZgelJ7E2pFTSLitw0ktnNg+zRgXJEzM4Z1XKXcfkIQnMRpetg4FtE1Ipus2mdZdcl1YebET5suk3U0aj9VXe7cdKtyJp8yZd0XJIxQ0Dx16tQDDzzw0ksvnThxgoj69u07Y8aMuXPnso9lEBfvvuu3v/+mDr8Y/cWPieiNw3N3dPgn7Xrj9jxxwZcz+SvdFjU1VnHTMT7avNWxmp9gAC2/LC+TyYgPAUtn3+DQZrm3kXGddUQSj8QysFX+4wflXQ3IOj69jtNneaZPPv+6dCwpDfGHzSiAJpo1h1aU9yknf51TdaY29l6TLb+o+d6+BUNovs+D2JQzdSmzYQ7KmWDCOWiePXv2hhtu+PTTT2fPnn3llVe2tLRs2bJl8eLFb7755v/8z/906dLF8QiQJFrWvPqLn/NZE3hmcXPcydzHRL5XNzQZzKIZiXSxSTweRWqIU52aQyv60Z02N+CXn8vtISp3YycWNztafDUiHwkYPz9dqpOrxKKm9O0qyHoNkBYxiWjotBpaKf2e4aL1A/uFfQq+OAfNX/7yl6dOndq1a1efPn3YNd/97nfnzJlz/fXXP/744/fee6/iM4TISVLWbC4dZ1rUlEIXN7vXzyEiPm46vg3zvWyUzo1z5JgX/dfbTNOAYB2Xpbdg0qr01DL87KvaAT3saa6vq3W92bT1knZfxlOyejjeZnGEWIEOrJlAej4XkUjKBLDlHDR/+9vfPvjgg1rKZK644opFixY9+OCDCJrR11PGenOdJGVNdViEPdb9LSLqeXIxu5LFTWqfOHVMW3PXHFpxHcWjqGmlviajK+b1q233z/pa7wuK2fIaVzzEBQ99c/hF09rD1z1w6mP3qIPpIZoA0sOffXKVu5DL5+i5VTlz9xUP0D6P3d+0QfMj63J6T2ogREzwxDlofvzxx2PGjDFeP2HChLKyMgWnBEqsH9ivceDM7BeW+lkPxNOyZiL5maZp6lj3WcTFTWKJ8492q4VU7IQeLg/rxC1bHXFlPFeTDvlburo9eR1F1R6j9u1suX27Gx2i4j7lHsqZRlbbYy4tHGQ1fda00RIRkVlfevFyJn+l56Kmn04CVi+uSGMsdr/2Pxuy2q1JGT1X1EiYL2ciZYI3zkGzoaGhoKDAeH1ubm6k5oCDiMbbZ2a/sFTW0VjWvPqLnxNhEbqe6Yj8se6zWH51XJxummliNFMzRMEPoAsOEGu3r68l7XUU+Tghq5wZ3/3BBfEvhNUHic7bt/Zo/2KF0hgr+vg1QE1ZvfdVt3XtRsQEt4RWnXfo0EH1eUCQZBU1NbFueGQ6TVNuOdNIYi8k7S0zyE6ZPA/v0+xUb6XLdedseqr8RAJj5HLs2WnKQ8Ma0+jvcz4inzJrDq0ovkZCUdNqe0x2we0Pg6ud361O3uobJf7EGl8IMuxmEsH2BZHFrwFCIRN8Egqa5eXlik8DgqOiqEkxz5oqiORXq7hpM0Troahp9XbO4kjLZfF4r225ZoR4NxlddjR+43DD7a87UtSxpNTmgKZXyp01a3rAlmtGlEu8D088R0yfBHfiIaKZ7a/XJ/jIL9xho+eKmhx5U1a4GhETpHAOmqNHj96zx2TSD/uS7POBgHgrav66bx+zq2PfyJ3lP2/bAvlnjJvjadyiorXGW7qdMGeFP06sSzuOPTtdfdf5zRs7+34qxOcjmg6au6ogWvGwPaYigg/BtO+SyCRa0wmpRuyDhPH6BOyDoAIrZ/IpM7t1//5V7crMfb978cNb9sqlhCaaYM05aG7cuDGA84AgyS1qUlI2DZIeMV3lV13cvHfXLURkGjf9aBuU/EzuUUMbtWfpRMq92JSK5RaY7bXbP8mfwCKm2xFzHZb7dVnTcd2VTQ01eavogvTG4X8p/fPF55YVMvevyuOTJSgy4a/7wj4FJVxsQQkJI3emZjKypgqu8uuBb69dcLT2yffbRgJZ3KQLiXNp4aDyy/J8lruC3+LS6oT/48uHBY9wU+cuRES9e5l+lQ/jv29ptj+UTRFU24FJd6qsombaxNRbZ9Pc4qZthyzDkNuhXtOcLXHTmtBJGfs2/UiAcqaOacoE8AlBM6WkFzUJWVOeH41cSkRa3CQucR69/i2bd8cojJbyIrj8gi+bCQ68koI5iOw0jK9XHNeD+9lKgM/9WlFTUTnTqvyMJedMw9sTS2kiuyweMdm4Ofh0rGjonifU7+T8t8rvwRSCJsiErMksOFprer2rTeFZ3KT2iZMtGCLDEvXO27dqN7KPm65igWlh7NYDlzteI16tNAoskoo8FaaZRruNzymV0flIQNHIuPadPkWOcN2RIpsXoqVPVD7wRE3D2xO1yx4KmZig6VMQKTM8CJqpJr3PESFrKuAqcQbgP758mA8l9TUZ01hpWi+0H6OPYAXUSNcunoiocFAUUhrP5nxUtI30Fri9taYimzb+RERU7vS93u40qfxETJQz5VI3EVa3litgCJrRZbV15LGioVKOr2L0nEHW9OkfPilcMsBkwY5t4hyn29PSZt9CKUub/Si/LC8ikwj5p6JjSaluEwrTcmZcNoQ0fYaVBmL7lq4+7zoWXYrihY+Y5GNGJsqZYA9BM+1UFDWpfdYkIsRNuX40cikbhddWqdOFXdRttlDXUR0xTTuH6+6UH+X3UAG14jbotFwzIpPJGL9xpsXtVTBt8ZNg9hMxHTOl8cOSwzdE3n3/1/jw4OxgWmnqImbVdVlENJR2Wt0eS87BDwTNVFNX1CQuaxJKm25U9Mo/8cnF2ZxW0z0Z1hSJuMTJ4iYpaI0kFx8rxRflBMx+lx2JtBY/8c9LonRR0ts+8hgHd8s0YhLRT4ZYpkwrGDcHQQiaoKqoSURl/VYTEYbRA3Cs+ywi6nlysXaNrjWSUlbFQrbtkOAYvUgF1I+wmn1CuLCVOaOLmHk3v/zSZ22FAA8p8+JhMW4OTrCJecI98U5P+xs03q58eJDFTbowjA4ejD3zrP0NmkvHNZeOO9Z91rHus05OW8d/6d5dt7D/FJ2b47t4yzUjRJZyh1XXtJ8turRwkFbCND4QKfg1Md4Ke3FnfNRpeB7qazL8f9r1x9/rpv0n5Y4a3p7Ip8y8m1/2nzJRzgxduOt7XEFFM8kcU6ZGXVGTwfIgP1jKHHvm2Q2X3GF/S9YcvpPFsiG+Gaf4vYfVmzPIUVH7rNm2KbzU8+HLqDWH2n1J+qoXvvlU/QEiIj7WMKj5BU/3nGsvSo9Rp2XdhbGKyS5IqWUSypkgBkEzLSb8dd/6gf1Mv6R0pqYmVVnTVb9MIjqxOdvqmn+gQqJ5RPSXPl7+pou3RjKGrZmf7dH15pQStqQ3P1fH1abwbofm2e3dtvjxMAFA13zq1gOXRypWWhUvsczcD6uISfJSJoAgBM3E0sqZ958sfai784b1qouahKXo1i4raWQX2NIfvr0RP2g+9syzo/pVeLsLljgreuXzC9VDbMbpSOmumJ7xOc/t5E7xflK6jBWFVlBW53DnFfpe/eTymUGalMsmYvL8pEyMm4MrCJrRJatfpghW1Awya1KCSptdNr5Fwnuau7qx49RMD4wL1Ymo1x/H3UtE3Mohn82GbApvpt22I8j0GfA2kcCqEb1NORP1PG+MswKMV0aqoCuRSMRk5UwptUyMm4MgBM1kEp+dqQlmAJ2StRSdpUb+sk2CdLzxe/sWEDcL0zRlvrdvwdj9IwVzqj0tcRIXOrV5nOL9OBXxU840rai5qguWX5ZHJi3z27RNJLjMb8HVtHEmVsF7oMV3Y4hMw6pzwSqmNmjuB8qZ4BaCJrQTQFGTSdWUTRHv7VtAYit+VDjw7bVs1F6byqn14yQudMoayzZ22zbWONvlwt69pNyvK7Iqr6YH6bx9K8Vhe6Hoi8W2pYro8iVZR0ySPTUT5czEe/vtt8eNG/fxxx9/5Stf8XkoBM0Esipn2qwHYgIbQGfinjX5CqXxSl3R0erGVrVJm0HzDX3fH7vRYfDd7WokjeniIS10HiWZUzn5QGCyKyYXNB/6bInNcQSHmKXvexmdWaQzP9tDn4kGrP/48uFycl00Dav5QHrkFjdRk35RoBVXEZOwAAhcam5u/ulPf1pQUCDlaAiaCTR7zDH9NdY7p+uEmDUpWcuDXM3FZOVMZuyZZ5cMuIOora5ZudvjBsQ+aYmzcneN1gde9eIhq6ikDTGzYWW2TtnDFEbdqLRj7rSqtrpi2YheRup1tS7eG/7hRy1uWlWLI/IBQDq3+ZJBygS3Fi5cOG3atOeee07K0RA0QS+wyZpMfJcHNZeOM61Tit/YPoayiDlvSLExa0qZo6ljVQRt7jXuAOnXD2mJk8Jbse5/uQzLnSJxc8WJOqW7FkkXhYXq/mFFlMZbxCTZKZNN0MS4ebLt2bPn9ddf37hxI4ImqBVYUZOStTxIx2oknceXM5mxZ54demgeUQ0JVzRdFVA9s1qxzi4Ekzil7xnD4mYmkyGipqaLq0bEG2eyIxgX8Wg3YCVArRxof3vBjFh+WZ66ep52DlZL7wMoarIX2j5rms6jjfIHALc850sGKTPWHPf+sb9B3+96/LR59913P/744x07dvT27UYImuniOE2TCXgAnYnjMDoLdiJ1TS0IekuENt9oXMxOkya7OrjOe/sWOHbrNF2xLpI4jSnKzyLrmkMrjAu3/a/aNkQ96ykAACAASURBVK4vKb9mRMtlF+ua4jGLv73EcCbyGG1OVfcqmB7NfkdQkROIyNKcOC45N+ZL8hoxSeqIOVJmkOyT4v5VeZ6jpI3f/OY3gwYNGjlypMRjImimxbGioYLTNBmfA+h37T9kev2v+/ax+S7dMPqUgU94PoEgaeFPJHFu6Ps+H+OM5UxTNsuG5GLnI5I1NcYyp9aV037nIQ9Ub4HtOB1TPCx23r5Vt6+S26Bp/101h1ZcR0XG61mRz+ddM8c7lvY4b7LXg2N29L8SnH+hHYuanu8lgpZvubqh/TWu8iWjImWiq1FKvPDCC//1X//1q1/9iv1z2LBhr7zyytSpU/0cM4pBMz/f44LZiIvA4/oLEeXlidZ7mokyVWs7T5vu6b7Mg2ZOTo79t91ZVEVET++aTES/++tsIopL3CSic0430GLc+CvnsWu0CxcPsq6KiA4bfjWzu5msSGU3Nl6Z7bKoyY7Tifsu07uzd3LaOnah++pJ7AI/lfNerhs8j41Zezb87Ku6oqbNAc9v3khEHUtKrb5kpfP2rabfZXWPTx88PNP0pk5nyPDVRNOkyHLYtt67rjuiz5qZTOa8/dEFzse+nKm7vfHbjSfg81V2/vaSUiKSNtQXCP5B5VaPIqLl3Ff73v76hYsOfzN1nv6o7bd43tetO8G610zUdeHirhKP6EkE3kYT7o033tAuFxUVrVmzJpntjWpra8M+Bfny8/Mj8rjq6oQLS7fPzH5hacvqlRIH0BsaGpxv1L60+bu/zo7FMDoRkfBIeuXedu8B7RbiWCwbaj7daDxOF4vjN5rd2BR/X2/+byV/2fN2l41mUzmJ6wZPXOjkp0XyjIOzguVM0wPyNTaWKXXVr86eDmv1JZtdhYioSWVLdtPEbD+r0nj+Vs8Ge9JauNtnMhndt5tWhc9v3qhNTnVkfKE/2Pt0klYF8ROC+Q9jDCthiv2l1OMnZbr4U++ElTNDfwsL620U6danKAZNiI5QJmsyZf1W5+TksNJmjGZtkvVI+oa+72uXdY3ZT2xuXz7sNJmIDnfiqpKbL+6HrrsvYyrtNGmyaSoNHj+Vc8HRWr43Jx86yd9CImNR0y3HEXO5Y7L247yO62/4jStNi5r+mbZkWlo4qFz6PaVVbvWo3PbXjBq/iYg+zvnc8zEVtTHCGqDU2rVrl5TjIGimjuB6IE3A3Y507iyqYlmTErcgnWcMkSc2Z19+ropkLCRnW/4YVfTK50Mqn4MZVzM1RWi9Oal9Q3hqX9cxHWEnovI+5eRprqfN6mxFu66bBrUAWDX+DLLzpemzKn4CVnXrBLQ6MhYvmbbPY42+tr9S2iwTKRP8QNBMEbfrgXihFDUZXfMjiltpk4U5Y4xz3G1SMGLy98IuB/NbbZpfxXck0kIn+xZ+kN10hJ3cR0wpC0TUrS8x9iEqvyyv5tCKlmvKTVv2lFuEMJGipmDHUN7SwkG3Hrh4WfwbfYp7mtSxCpcnp60Tn9/iSF3KxBog8A9BE5yFOICukdLX3aa2p+4IbXlxnz5oyuWt8KmNvBtzMCOrqNll41uVRPOGFFvdwKrYqRthtyp26hhXPRs5ljONEdNV4yQWzoaffVV8aNt+Eqr9Vx328ySiC4PyNtG5vqZtecqtdDm7cLxjKRFpibP+gFC3IF3fUMfbJ4xVuGQ/5BW98j2stLOhOmWinAk+IWiCELdZ076NkTfxLW1a9TByLGoGZuz+i13T5PZR4kfnWfN5x+PbjLBbFTtJRvtMjawqJptMua33rg+73iy+sVDNoRXF15STm4rstt67ikl/M/4bBfsN6UJkfU3GTxPKVEVM+3CpiKJmmTykTPAPQTON3E7T5Hmua9p01sxUrSUiwcPGcctKrShoVRANkXHkXaIFR2uNb1MLjtZ6GGFnrIqdfOh0LGFqGSusfWVMB7uNBUv+TPivJmxwOb7s51yq/mVXnTIxaA6yIGimi59pmtqqIIlj6Mt2bqYLfyHF42Z8S5uRpagbvOn+mZW7a5p7ebw7sRH2cUR0Mvcx47cH1tCbzbbU/jn87KstF4qU23rvIosapEa38EWXQd0ui5G7U6VImVNidTlqHBb0BEXp0h8NyplRpmJbIEUQNFPKW1FTRdb0LCKlTVfD3+KVPNNmRv7nmCYJv5xI17CTiLrXz9Fdc5RMOijx0xk7lpQ2NTVZxTirlTSuQhVLmUaqdzwCEVaTCgIIl1Mbe5Fwb6MAUibKmSARgmbq+ClqktSsuWznZuOVrg4bemlz7JlnL/xvhfRmQG4pGv72Y96QYmNRc96QYulPk/aWr00J7Xlyse42xrigNe9suWYE66HNAp//TjrG4Gg8Jr9R+3CzI7Dbm2ZQ/miOZxvWDIEY4Z8fq1jJHOs+K8RfsQAmZRLWAIFsCJpgbsJf9xmvZEVQkaxpNSNThSiUNgW3LFeEX3DTZeNb56htjyLGf73TmKHf27eApC5j4k9SyuS2Y91n8f9sLh1nrHqaRIrBT/u/aytWZUu+Abu3YyrqMelnJVBcXPgZcAiXKu7a7SdDpEyIKQTN9PKzJEhKXfN7Xy0xFjW9HS2w0iafh4zhMvSipgq6h7ngaK1Wx+XnDFjFWdbSSKtr2nQ4ksJ0qyT2Xm4c6DRGz/H/93zbpf9r+38PWxaJj4Pb72nk2O1IPFxaNTySQtFhVbCvVjJarDT9WSKiLhvf8lnUPLeuij/ajdfdZn/7YCImYcQ8bPtXJXNyM4JmGvkcPWciNV+T0ZU2yRA3EzmX0XTBjf/3Qh3HDG1ThuTPsK3DkdfFQHLx0TO7W/ab/1s5dae+n6gWTe4lIuFGnq7Y759p0xeJT6IiuVNFxDzPXVZxF36IxMoD315rmib9c/vXxnSCJh8xKaiUiXImyJXV2toa9jno1dZGrgWMf/n5+ZF6XFrQtCpq2gyd87TdKXVZU3zo3Ka9UU5ODhE1NDQIHkqjxU1GRXXTZqxcXVHTNMyZBk2SNFmTf5jscekeuMhCKOMZ2p+b26Fz03d0t+OSpi/o2P0jjXM9rdjUPu1rkzZB02ofS5bnjIeVPoCutXC30eP8Ru1yWEFTJFOS9fIdqyq4/Ze8MR6QVTSNQTOwQibFJGWG9Taan6+8QhHM4wrggZhCRTOlpBQ1yX1d07SRu+M3umq0Se1H0inaLZD8j7abLrhRsV7B26lKLLi6KhHJegbYQGpz6TgWf3UN5Hk2Waf4ev01HnZs1wlmobpxmqbW3khu1yRHglGSF3DLIW9Mx82DjJi8KKfMZAsrAgYDFc2ARK2iSReKmj4rmoyxrmnTnl38DHNyclpWr9Rd6XaYXkV103Hpj2Ag047jLWtqlT//QdO0iMjmYjqyL2paFVyNkzVDnNhg84JqeyY5PqXGGZ8iHMfirYqaVp2SXBU1Pez9Yx80yWtR00OO5EnJlDZVcLktHfiipq6cGeRYuSYuC4ASXNFMNlQ0087PkiBNBOdravxUN61qeNqVjokzmOVB/IKbeUOK5/UvbD5t0oZTEftOolYdjhSflDuj+lWw7acbTzd6nrGnZR1jarepg+o2c9fYB1CrlEnKVqAbmXZNWlo4iNoXa1mfUZ85kgIpT1rlyAVHa4n9xHKvrJTPRVo5M1O19rnil/kvBVbIxAIgUA0VzYBEsKJJTkVNt6zma3rGRsyNBI9vrKqO/uLH/D/t46ZjudE+ZY7qV8FuIPjtVjezKaVYzWWc17+w0WXQNB5KsJzJuC1qmgbNcJdqaUGTfE/Lc9VX31sdNHmiPMxt+oL6+XFlP2zn1lWxoLn3j0/yKTPIsfJYTM3UoKIZU6hogpyiJkW7rsls6vAL4uKmz7mb4uPj3oqauu6YFLFm7DzHoiZp683ZQ3DfKTMZraNMIsvIpVpk4b9qUwSNoyjnyFDwHY60lHn/5h81Tg/udY9XyoT4QtBMNVlLgjRys2bnadP9z9E0EhlM58uN3iKOfb0z+j04WXAUKdsI1nv8tDRiT1dgTxFLw27DvZQ+8xp+V3f2ZFqN6fv5+HFic7bpZqfisrtlszIw9kd1S7cM6P7NPwry3pEyITAImiBZ9OuajKu5m24jji5HekhIijpFq5DUJBH8U23/TNr0ojdlmvz+4ZNC3TUnNmfrrvEZPUHE7wdVE91GRPefLNUiZmDlTKRMCBKCJhDJGz1nJGbNztOmNzQ0uG1vJM40buad/ZL0O+JZFTujVtSMCF11WWQ7IrCyZMBn/JPmv6IJbrE/MpqAC5mElAmBQ9BMO+mj5wyfNcl3RlRdGdXFzbqup8gQN8VToGmO5L9d5Dgi5av4xizBM2c1ubGKTyZGvI3puyV97YuHu1N6j2HhI+Zzuc/xXwpyaiYjkjKfeKfn7DHHAjgZSDYETVBFy5oU+WF0xjFuJrjiGNk3dePid/uFRxEk/bmN4PQJsKerYt5ZVPXcZ4eJ6ETP3IAjpnjLzCfe6UnImiADgia0FTXljp4zjbfPpAttj2KRNckiboqvTLdZA+Q2pwZTvgKQIrKfVfzz89B0EZP9eQmLeMtMljIBpEDQBCKVWZNkD6OLc7ULkY7nNu/GKMmPDG4wa/hsP1KZ5ohp1cszdkXNiGjrMOVj+T+Ii1TEJB9TM9UVNXMem+fhfCB2EDShjaLJmkzshtEZ07hJUd02PXmSlybDKvvxPfNRI1fNMWJ+7cK4ue76VX+a8N1r16s4JVcpM4ByJouY/GXEzQRD0IR2FBU1KZ7D6IwubpLvTu8+pWfxRPD8hDApz7/giysrLGLJuVziVcwvBhfW1bXbq3PVnyaQgqzJD5d7TpmYqQl+IGjCRUoH0JmwhtH9094zvG2bbkVul2/wjN+phY9xSut/Phus2p+blk1j1JM1dJ4X/IlHzBtOnjZeyVKmdG5TZjD4ciZ/ZXTOEORC0IR2lA6gMzEdRr+4c7rZPpbkNXFGcLohn33ZkCvbQzL4iqnnfYkEv9eeTaSTcqcBb3cEjry9Ih7mYn4xWN82nyerqOlhUqbNoDmKmuAZgiaYUFrUpDgPo2t026aTpwIne2OLYNak9rP6bBaRJGMc32p3R3Xsdyi14q026XZLoYBfu3j9qPA8RMzAypnelv4EEyUb5lQai5ooZyZYh7BPACLnWNFQIprw132q74jFTSLKVK1lI+mxs6nDL8r6rebfYN44PFf39pNOC47W8v+FfTpyKMqj3kIns6Hv+xLPJM10G1DZ31j3a677I2BPtwbINGX6iZ7ZK5di7x+IFFQ0wUQAkzWZmA6jG3lYn86/mYVV1LSa5MeXM/kbq57VF1Z91LTmp44xxzg+t23PzJBi/qVhKXND3/dHkcPrkqSerME8CqsBdD9Ni0zLmXJFc1KmETs3rDdPCQRNMBfAZE0mAcPoGtP16VdbxM333JeMJZYGxdeUgEbKU2RaLdvQ9/2xG4mIaEix/7uwEvxLLPeTg7ofWpGiss++mCxlipQztS+5nakZu0JmXM4TfELQBDsBFDWZ+K5GN2LvQJmqtc8VvcyuMU7fNL6xRWqm5rz2lTMmeUm0XQwaUkzabFSu/ift+Bf43Lp93oXz5AfNE7+iSEW92TGqsmfVOBPGc+t1Y+NMWZ2M4lLIhHRC0ARLgQ2gM4kZRtfmm35/121EpIubZD2eHtiqCPS7sdK2vp6I1Aw3W+11RKyouX9k5e4a3X2ZptV5Q4rHnsHsTI8/tLrKqNU817qup2Tt7qN00BwpEyIOQRPsBDaAzuiG0VuIOk+bHti9K/L9Xbc1Tb5F3++9K+Wd/ZLulhGpS7G8y9aYY1Rd7mNnRWv2DPup0hkDa0R+eFRQPX127P6R/KsssYTJM5YzpYjdcDmkEIImOAusqMnwpc2W1SspGqVNwZ3TTZfPZ6rWlk3W93uv63qKXQh+hyHxfjfRj5gBN8eROOnQbdchR9q5KdpGKIJ8ljP5K38/qNp4vZSIqa6ciZQJsYCgSVYVO9blR5Pa9XEBD6AzutImuZy1ebG5enuCYVEpqw0tKZ5bqLNMk5gGRkzEm4Najb8bp/kmY8mX0p4A6vIlT3o5E8PlECMIms741rLpjJuhZE0i6vKjOc1PPsYux2XWZtPkW4xFTeOZ8+9krpoiyWI1AVFuHIlIMossb9NAo7NoLESCT5fxudViqzFiSs+XpKaciZQJ8YKgCS6EkjXr6uoSsyDdlNUu6oxI6PSc54wRk78cfPUrncHU/nmu6JXvrWCcpCVfHhK51c/zG4fn0qB2t2SzqOWdrJ7EciYiJsQRgqYD405Z7Mq0/ZJrq4KCz5oUtwXp7PQ8xGJj4qT2Zc7I5rDInli48LTIfQb8ROTfD6qmw/oSJouYTcr+nsktZyJlQkwhaIKogFeg6/ictRk8P6cX/MB6kqpf4vgYlN0tm4gaTzdSUqacSl9sFCP8A7cZIlcXMcmiQ7s3iJgQawiaDhrmVBqLmqn9VQ9rsqZGV9qkyMdN//wMrEd8UQvERRwXEhnzpeohcp7EWiZSJsQdgiZ4EW7WpAulTYrDSLosjgPrno9staQ3XsEiGPHK6P57zvuZuRtKPG37jTDMwqQwPpT6LGciYkIyIGjq2xgZsd/wdK43Nwp3sqYmdiPpEkkcWFfdCjthTCvEAURPn3cR/AeGgBeWGVus04VwGQopg+ZImZAYWa2trWGfg15tbRImSOnk5+cn6XFpkzWVZs28vDwiqqurs7mNVtqkNGVNI77MqdnR4Z9Mb6wFlyTVMn3OE+DnaHo4fiJnKYj8eGR3yzY+acHMDTXNl7oWRcF/CtUGzW2Cpv1fNkRMK2G9jebnx/i3OApQ0QQvIlLXpNSUNh1b0JsOrF/9xc+1y8bQaVPOTPwyIFBH6cIyq3Bp9bsf8F8DkZRpDykTkgdBEzyKTtakuPU/Uqqs3+qcnJyGhgayDp1E8duCCIIXkXXrpuGSLny4ylStpV1tWySE+1HTZ8pExISkQtAE76KWNSkFpU1XNnX4hXZ59Bc/1i7zCyZu2jPR+I0oZ4JnsuKpyMh4BCFlAuggaIIv4TbXNEph/yMb7fd2N1lCRO27wJiGTrBRubuGdic5l/tft+6K23Bp3O6VQhrT8LwACBETEg9BE/wKvbmmjrH/EaU7bhqZrlsnPnQerg5gv/Xo8LCUp3J3jXa5y8a3KonmDSmWf2Yy+I+Jbr/XVTy1HxmPBc9dM5EyIQ0QNEGa6GRNQtwUZhU63e63DhEU7v71VvdllSzJfbhsmnyLsagZiwVAzYsfy75wOUYRE23+wAMETZAgUpM1eaZxk5A4LSB02uCrm6YLqyt310SkqBm1jXxskiXFqnJp5DllapfjEtr4HfIQN8EVBE2QI7JZkwxxk1DgFCASOjVRSJ9R6FgZ+jkYS5jGG4Q11VIjN1my3+Jwf6PFUybGyiGF0LA9IAlr2G5FbiN3kYbtHvCJk5IYN7X2RiqYdoY3FYX0KcjtHM0FR2v5OZrMvCHFkQqaVuQGTdawPcE1SxuuFgDxEZOIui5cHKN3BL6cyQs4K6Nhe0yhogkyRbmuqcH0TT9MQ4Np+jSGjxhFzzgKMmWmM1nyBBcA6fIlETXMqURwgVRBRTMgKaloMnzDIz9xU1FFk5fI6qbSiqY4wdpnFNKnTUXT6ksMq2tqUzPDrWiqC5r2sZLSkSx5IlMzTSMmu8CCZrzeEYxFzeCH/lHRjClUNEE+vrlmlEubFF5103FLyfi6+NC4dvFE9Ou+fZJX+IzI6h/GqlO6+Nogx0Cp0ZJlRD7VBMkxZeoiJuZiQsohaIISx4qG0oXSZsSzJmFxelAEh91F4o7cMFrRKz+7WzYRNZ5uFP8WiSeglDFiigdKJm0FSxv2KTPBEZM9Fqw3Bw8QNEGhWEzZ1GBxeiiMIUZkzN0xKsWoLCqRrlP6G4fn0uFqp2+6iH8t1v3lLnZh0tBfSz3HGLNJmQmOmLykPi5QCkET1IpX1qQLcZOwWig8IvUzxzCaniRq8kgHERHZREzHZ1hLmewysiZZp8yUREwAzxA0QTk+a5KkzkcBwHh6lDlGJf9JlLna8ttFvjtksoa8kTWNKdNmrQ8A8BA0IQgxWh6kYzWeTglKnIpWJi3buZmIvvfVEj8H8cx/Eo0L6RMo+XImkCFlImICuBJQ0NywYcOqVauOHz8+cODAu+++u6CgIJj7heiI1/IgHeN4OmFI3RqLmPzlsOKmDV0+y8nJISLjAuoE9wdwJZ1FTb5Z5omeuRglB/AgiKB54MCBp5566mc/+9mAAQNWrVr11FNPPfzwwwHcL0RQ7KZs6ljN4CQkzoRKYaC0+VKqsiafMpveeJn/EiImgLgggmb37t0XLVpUWFhIRGPGjNmwYUMAdwqRFdMpmzo+h9QTHF/4ciZ/ZVNfBPEYSFWUtKGlTERMAJ+C3hnolVde2bdv3z//8z+3O4msLP6fEdysCKTLenuTdnnrcKsVF7HR/ORjxis7T5se/Jl4cPv/7ja9/oUrh3g4WsvqlabXx+XZiBS5Lw0I+tpnbUu9tJTZdeHi8E4HIN4CDZpbtmxZunTpggULevTo0e4kEDTTSoubCciaTBwTp/Q0Y8yaEX8GXAky/CFoBon93H7jGxPZP1nKRMQE8EnV0PmaNWtWrlxJRNOnT586dSoRrV+//ne/+938+fN1KZMMyTJeO8AKStVe5+K0YfQRH+4wjqEHsNe5fGbLhtgbWGCTOGXtCuj5IBl5h/LGwwoeq8VA4oJ8jNHZ9TEBW1Bqk16IS5nHioY2FFUSUYOCv9tx3Os8CrDXeUypCppTp05l+ZJ55513XnvttUcffZRFBwBNMqZsGqV52RB7gK5W5ZtGwwTPZIUo4CMmtU+ZYZwOQDIFsRiovr5+2bJljz32GFImmIpvl00RoXfidCzvKcpzscvTLatXZmJ42sGw+il64cqcgM/EP12+JKLG22eyD7qElAkgWxBBc8uWLcePH//e976nXfPiiy/m5ur3ioU003XZpASVNhmbTpyEcBO2TNXaFu4y4RVJImO+pAu/mEiZAOoEETQnTJgwYcKEAO4I4k5X2tw6PIElcCROgICZljDZBS1iElImgBrYghKihS9tjvhwByWutKnR3uoolfM4Q3HX/kPGeQKmha5M1doAXgJsO6SUTb5kkDIBAoCgCVGU7FmbRjYrh8gpdJqFFZM4BXGE19EDmyFyDSImQGAQNCGijhUNzc/PZ40205A1GQysB69p8i3GaGLzVCP8qeCzuCsSLjVImQBBQtCESGv929Fa1qTkDqMbpW1g3XN6swkoVl+CxHCVLxms+wEIGIImRF3ahtGN7AfW6aslwZ9SwjRNviUnJyfgvvrgjYdwyaCQCRAKBE2IgcQ3PxJkOrC+bOdmduF7FokTQ72COk+bHvdNbtQJ96fINFySWL5kkDIBwoKgCbGB0qbGdGDdMXECxMuynZtpp/5K8XCpwXA5QIgQNCFOUNo00vbNe/fdanZB9/aMsWCIEe3zEs9DuGRQyAQIHYImxE/ApU3+vUoTwYBrTJyMbthRPHfGfY+c6M8ZiP4ZBiNTtXaZ2fXf+MZEP79oSJkAUYCgCbGE0qbG+MC7DJ9TV1en/ZOf0EliHTr52wQfN9HGXJ2IfHiwmnNJ3OclPxAxAaIDQRNiTFfapBTHTRu6YUfTDp1M6PkD1An3w4NNsqT2P6Lrfd8XUiZApCBoQrzxpU1C3BRgupCIsUkDwWzJ6AHKnBFkHyvJx5xLe4iYABGEoAlJgLjpjU2x01HEB7gjfnoBU72fe1jJUqObSI2UCRAdCJqQHIibPpn26dRoYQLtk0D7YWghyhi+qjpW8hAxASIOQROSxhg3U5g1la6UN21AwyCDRpPb/dx1Qi9YmkLEBIgFBE1IJixL94PlBlbXbLx9pu4dXdc+iWfaYZuwzCgmHAOlRkuWeXl5fIuDYCBiAsQIgiYkmZRl6alNqFZlKpsGNFYZ1CrBIIAGhj3VxrXnIkIpWJpCxASIHQRNSDhM3AySVYdtq2VGpllnmcoAetf+Q+lZDyQeJZnoBEojREyAmELQhFRA3AyXVYJxFUB1UA3VJClQGiFiAsQagiakCOJm1LgNoDz7dLUsziuT3AZHK/EKlEaImAAJgKAJqYO46VbwT45IQnIMo5ar482WK7UQkVmnnliIe6A0QsQESAwETUgpxM24c0xXrvrPR0rygqM4REyAhEHQhFQzjZsU/8QZ9/OXwmp1vOmTk5eXR0TqOvWYdja1Opl0QsQESCQETQB93CQUOAGCYozgiJgASYKgCdBGe3tLXoETIIIQMQHSAEETQA8FzmTA6xVNyJcAqYKgCWAOBU7QYIalFIiYACmEoAngAAVOAJ+w0AcgtRA0AYSgwAl+pPOHBCVMAEDQBHAHBU4AR4iYAMAgaAJ4gQIngBHyJQDoIGgC+GJV4CQkTkgTREwAMIWgCSCBscBJSJyQAiM+3KG7BvkSAHgImgAy8e+yGFVPDLxwOqhfAoAgBE0AVTCPExLGmC9b/3Z0bW1tKCcDALGAoAmgnE3iJIROiDzULwHAMwRNgOBgKifECPIlAPiHoAkQAkzlTDbTLSvj8rIiXwKARAiaACHDVE6IAuRLAFABQRMgKuynchJyJ8hmWnlFvgQAiRA0ASLHdConYQkRyGAaLgn5EgDUQNAEiC7de7/pEiJC6ARbVsmSEC4BQD0ETYDYMF1CRAid0J5NsiSESwAIFoImQCzZhk6sJUodlC0BIJoQNAFiT1al0yqsILBGEJIlAMQCgiZAohwrGpqfn892BcTwelhUPMMYEAeAOELQBEgskUonRBaSJQAkAIImQCpYhU6ICMf0j2QJAHGEoAmQOlaRxSqAGjMQBt/9Q7IEgDRA0AQA12K9l3coECsBIJ0QNAHAgTEDmdY+XU39THYqFXkqkCwBIA0QNAHANdOQ5Grqp3gqjUgk9bmCCrESANIJQRMA2vgMQ66+XTyVBrVGXua9IFYCADAI0cFJOAAACcRJREFUmgAQAvEoFpE18siOAAAeIGgCQKQFk/Dy8/OJiDW6BwAAWTqEfQIAAAAAkEwImgAAAACgBIImAAAAACiBoAkAAAAASiBoAgAAAIASCJoAAAAAoASCJgAAAAAogaAJAAAAAEpktba2hn0OAAAAAJBAUdwZKJGbc+Tn5yfycSmFzVq8wQ+bB/hhI+vdPm02Z8IPmwf4YfMmrB829nqBZxg6BwAAAAAlEDQBAAAAQAkETQAAAABQAkETAAAAAJRA0AQAAAAAJRA0AQAAAEAJBE0AAAAAUCKKfTQBACB4Nv0yAQC8QUUTAAAAAJRA0AQAAAAAJRA0AQAAAEAJBE0AAAAAUAJBEwAAAACUQNAEAAAAACUQNAEAAABACQRNAAAAAFACQRMAAAAAlEDQBAAAAAAlEDQBAAAAQAkETQAAAABQAkETAAAAAJRA0AQAAAAAJRA0AQAAAEAJBE0AAAAAUCKrtbU17HMAMJeVlUVE+BGFAOCHDQKDHzZIFVQ0AQAAAEAJBE0AAAAAUAJBEwAAAACUQNAEAAAAACWwGAgAAAAAlEBFEwAAAACUQNAEAAAAACUQNAEAAABAiU5hnwCAnQ0bNqxater48eMDBw68++67CwoKwj4jSKBt27YtX7786NGjw4YNmz17dvfu3cM+I0gs/E2DtEFFE6LrwIEDTz311OzZs1988cWvfOUrTz31VNhnBAnU2Nj485//vKysbPny5ZdffvkzzzwT9hlBYuFvGqQQgiZEV/fu3RctWjRs2LCuXbuOGTPm4MGDYZ8RJNC2bdsGDhxYUlKSnZ39d3/3dx988EFLS0vYJwXJhL9pkEIImhBd2dnZhYWF7PK2bduuuuqqcM8HEungwYPa8OWll17arVu3o0ePhntKkFT4mwYphKAJMbBly5bq6uoZM2aEfSKQQGfPnu3SpYv2z65du549ezbE84E0wN80SA8ETYiWNWvW3HjjjTfeeOOaNWvYNevXr1++fPn8+fN79OgR7rlBImUymebmZu2fTU1Nl1xySYjnA4mHv2mQKlh1DtEyderUqVOnav985513XnvttUcffTQvLy/Es4IEKygo2LlzJ7t86tSppqamXr16hXtKkGD4mwZpg4omRFd9ff2yZcsqKyvxFxnUueaaa/bu3fvee++dPn36+eefHz16dMeOHcM+KUgm/E2DFMJe5xBd69evX7x4MX/Niy++mJubG9b5QFJt37596dKltbW1RUVF99xzT05OTthnBMmEv2mQQgiaAAAAAKAEhs4BAAAAQAkETQAAAABQAkETAAAAAJRA0AQAAAAAJRA0AQAAAEAJBE0AAAAAUAJBEwDCkZWVpW00KtH58+fHjx8/d+5c6UcWV1FR8c1vfvOLL74I8RwAAKIAQRMAlCgtLc3KysrKyurQoUNeXt7o0aMff/xxflfx1tZWfrtRES0tLWVlZVlZWYcPH7a6zYMPPnj69On58+fbf4vjoUpKSrLa+/zzz4no3nvvzcvLKywsfO2117Qbnz17tri4+I033mD/fOihh+rr6x966CFXjw4AIHkQNAFAlb//+79vbW09d+7cjh07fvKTnzzzzDOlpaX19fXejnbmzJnvfOc79rc5cuTIv/3bvz3yyCOdOnWy+RaRQ506derJJ59s5RQUFLzzzju/+c1vdu3atXz58jvuuOPcuXPsxj/72c9KSkq+9a1vsX926tRp/vz5ixYtOnbsmOvHCQCQIAiaAKBWhw4d+vXrN2XKlI0bNx44cOD+++9n12tD5x07dly9evU3v/nN7OzsIUOGbNq0aeXKlYWFhbm5uWVlZefPn2e3X7FiRUVFxQ9/+EOb+3r22WcHDBhwww032H+LyKFOnTpl3Bvwww8/vP766wsKCsaPH3/u3Ll9+/YR0ebNm1955ZV///d/5285ceLEgoKCJUuW2D85AADJhqAJAAHp0aPHD37wg5deekm3820mk1m4cOGCBQsOHjzYr1+/srKyzZs379y5s7q6+uWXX66qqmI3++EPf1hSUmJ/F+vWrZs0aZL2T6tvETlUXV2dMWhmZWVpl8+fP5+VlXXmzJkZM2YsWbLEuEP6xIkTq6ur7e8FACDZEDQBIDhXXnnliRMnTp48yV+ZlZU1ZcqU4cOH5+Xl3Xzzzfv27XvkkUfy8vJKSkoGDx788ccfix9/x44dV199tf/zbGlpOXPmzEsvvTRw4MBu3bpde+21q1atIqKRI0du2LDh4MGDVVVV3bp169ev39y5c8ePHz948ODRo0d369Zt3LhxR48eZQe5+uqrd+zY4f9kAADiC0ETAILT0tJCRGwCJW/AgAHsQrdu3bp3756Xl6f988yZM4IHb25urq+vz8/P93+eTU1NY8eOHTp06Lvvvnvw4ME77rijrKzsD3/4Q0lJSXl5+VVXXXX33Xc/99xzmzZtev311xctWvTggw8WFRUdOXKkb9++CxcuZAfp2bPnqVOn+PVPAABpg6AJAMHZsmVLQUGBcUi6Q4cOppc94Ee3PcvJyXn77bcfeuih3r17f+lLX/rHf/zHsWPH/va3vyWihx9++OTJk3v37h0zZsz3v//9ZcuWZWdnf/jhh1OmTLn00ktvuummLVu2sIPoZggAAKQQgiYABOTTTz995plnZsyYoej4Xbp0yc3NlbLQ+9NPP128eDGrvzJnzpy55JJL+NvMmTPnpptuKi0t5a/kw2VtbW1ubm6XLl38nw8AQEwhaAKAcocPH3755ZdLS0uvu+46pa3Uv/rVr/qZFlleXj5ixAgi6tKlywMPPHDPPfccPXq0rq7uscce++CDD6ZPn67d8r//+783bNigdcr82te+tmbNmtOnT7/yyiujRo1iV8qaMAoAEF8ImgCgyvPPP89anffv3/+RRx6ZNWvWm2++qasLihs0aFBWVtaYMWOIqE+fPllZWXfccYfuNpMmTVq3bp3jtzge6oorrqiurv7zn/88dOjQv/mbv1m7du0f/vAHrXhZX1//gx/8YMWKFZlMhl3zr//6rx999FHPnj1PnDhRUVHBrqyuruaXwAMApFAWZhEBQGIcOXKkf//+//mf/6m10gxLdXX1rbfe+sknn/Tq1SvcMwEACBGCJgAkSmVlZXV19aZNmzp27BjWOZw7d2706NGTJ0+urKwM6xwAAKIAQRMAEuX8+fMTJ078+te//uijj4Z1DhUVFVu3bq2urva5gh4AIO4QNAEAAABACXzaBgAAAAAlEDQBAAAAQAkETQAAAABQAkETAAAAAJRA0AQAAAAAJRA0AQAAAEAJBE0AAAAAUAJBEwAAAACUQNAEAAAAACUQNAEAAABAif8P9u4jXQ7SQ0kAAAAASUVORK5CYII=\" />

<!-- rnb-plot-end -->
"
